,datetime,description,temperature (C)
0,2012-10-01,light rain,21.150000000000034
1,2012-10-02,overcast clouds,21.201278451000007
2,2012-10-03,broken clouds,18.450000000000045
3,2012-10-04,mist,14.510000000000048
4,2012-10-05,fog,13.379999999999995
5,2012-10-06,fog,13.629999999999995
6,2012-10-07,mist,14.200000000000045
7,2012-10-08,few clouds,11.920000000000016
8,2012-10-09,overcast clouds,12.240000000000009
9,2012-10-10,mist,11.260000000000048
10,2012-10-11,mist,9.960000000000036
11,2012-10-12,fog,8.590000000000032
12,2012-10-13,overcast clouds,15.28000000000003
13,2012-10-14,sky is clear,14.910000000000025
14,2012-10-15,overcast clouds,15.370000000000005
15,2012-10-16,mist,18.450000000000045
16,2012-10-17,sky is clear,8.340000000000032
17,2012-10-18,sky is clear,10.090000000000032
18,2012-10-19,mist,13.840000000000032
19,2012-10-20,sky is clear,7.57000000000005
20,2012-10-21,sky is clear,7.9375
21,2012-10-22,sky is clear,8.807500000000005
22,2012-10-23,sky is clear,8.210000000000036
23,2012-10-24,mist,9.950000000000045
24,2012-10-25,mist,10.050000000000011
25,2012-10-26,sky is clear,11.970000000000027
26,2012-10-27,sky is clear,14.830000000000041
27,2012-10-28,mist,14.490000000000009
28,2012-10-29,overcast clouds,10.350000000000023
29,2012-10-30,broken clouds,6.710000000000036
30,2012-10-31,sky is clear,5.260000000000048
31,2012-11-01,sky is clear,2.82000000000005
32,2012-11-02,sky is clear,1.9500000000000455
33,2012-11-03,sky is clear,4.730000000000018
34,2012-11-04,sky is clear,6.160000000000025
35,2012-11-05,sky is clear,11.860000000000014
36,2012-11-06,sky is clear,6.210000000000036
37,2012-11-07,heavy intensity rain,8.910000000000025
38,2012-11-08,mist,7.180000000000007
39,2012-11-09,few clouds,2.9600000000000364
40,2012-11-10,mist,1.3400000000000318
41,2012-11-11,sky is clear,2.1100000000000136
42,2012-11-12,sky is clear,8.430000000000007
43,2012-11-13,mist,13.930000000000007
44,2012-11-14,sky is clear,1.6899999999999977
45,2012-11-15,sky is clear,5.430000000000007
46,2012-11-16,light rain,5.770000000000039
47,2012-11-17,fog,2.7600000000000477
48,2012-11-18,mist,1.8500000000000227
49,2012-11-19,broken clouds,5.1200000000000045
50,2012-11-20,sky is clear,4.560000000000002
51,2012-11-21,broken clouds,9.400000000000034
52,2012-11-22,sky is clear,5.75
53,2012-11-23,mist,3.8700000000000045
54,2012-11-24,sky is clear,3.680000000000007
55,2012-11-25,sky is clear,2.32000000000005
56,2012-11-26,sky is clear,-2.089999999999975
57,2012-11-27,sky is clear,-0.6099999999999568
58,2012-11-28,mist,11.860000000000014
59,2012-11-29,mist,3.180000000000007
60,2012-11-30,sky is clear,2.4600000000000364
61,2012-12-01,overcast clouds,5.28000000000003
62,2012-12-02,mist,4.910000000000025
63,2012-12-03,mist,7.689999999999998
64,2012-12-04,sky is clear,6.390000000000043
65,2012-12-05,sky is clear,8.03000000000003
66,2012-12-06,overcast clouds,13.460000000000036
67,2012-12-07,overcast clouds,13.629999999999995
68,2012-12-08,overcast clouds,8.800000000000011
69,2012-12-09,sky is clear,12.03000000000003
70,2012-12-10,light intensity drizzle,14.160000000000025
71,2012-12-11,overcast clouds,16.700000000000045
72,2012-12-12,scattered clouds,2.6100000000000136
73,2012-12-13,sky is clear,2.480000000000018
74,2012-12-14,sky is clear,4.730000000000018
75,2012-12-15,mist,0.1400000000000432
76,2012-12-16,few clouds,6.8700000000000045
77,2012-12-17,broken clouds,11.670000000000016
78,2012-12-18,mist,11.730000000000018
79,2012-12-19,sky is clear,7.210000000000036
80,2012-12-20,sky is clear,1.1299999999999955
81,2012-12-21,heavy intensity rain,11.03000000000003
82,2012-12-22,sky is clear,0.5100000000000477
83,2012-12-23,sky is clear,-1.2899999999999636
84,2012-12-24,sky is clear,-1.6899999999999977
85,2012-12-25,light rain,8.79000000000002
86,2012-12-26,moderate rain,9.689999999999998
87,2012-12-27,moderate rain,11.939999999999998
88,2012-12-28,overcast clouds,1.32000000000005
89,2012-12-29,overcast clouds,-0.6499999999999773
90,2012-12-30,light intensity drizzle,4.740000000000009
91,2012-12-31,sky is clear,-1.4899999999999523
92,2013-01-01,sky is clear,-0.9699999999999704
93,2013-01-02,overcast clouds,9.200000000000045
94,2013-01-03,light rain,7.840000000000032
95,2013-01-04,sky is clear,2.900000000000034
96,2013-01-05,sky is clear,-1.6749999999999545
97,2013-01-06,sky is clear,-2.2299999999999613
98,2013-01-07,overcast clouds,4.7900000000000205
99,2013-01-08,sky is clear,-0.44999999999998863
100,2013-01-09,overcast clouds,5.15500000000003
101,2013-01-10,overcast clouds,12.128800000000012
102,2013-01-11,mist,14.650000000000034
103,2013-01-12,light rain,17.32000000000005
104,2013-01-13,mist,16.650000000000034
105,2013-01-14,overcast clouds,16.850000000000023
106,2013-01-15,mist,16.33000000000004
107,2013-01-16,moderate rain,9.439999999999998
108,2013-01-17,sky is clear,15.960000000000036
109,2013-01-18,heavy intensity rain,9.870000000000005
110,2013-01-19,mist,-0.37000000000000455
111,2013-01-20,sky is clear,-0.6749999999999545
112,2013-01-21,mist,-0.3100000000000023
113,2013-01-22,sky is clear,2.4950000000000045
114,2013-01-23,sky is clear,-1.9099999999999682
115,2013-01-24,broken clouds,-1.8949999999999818
116,2013-01-25,broken clouds,8.420000000000016
117,2013-01-26,overcast clouds,0.42500000000001137
118,2013-01-27,broken clouds,3.1650000000000205
119,2013-01-28,overcast clouds,4.7000000000000455
120,2013-01-29,overcast clouds,12.6995
121,2013-01-30,fog,8.870000000000005
122,2013-01-31,overcast clouds,18.825000000000045
123,2013-02-01,sky is clear,1.4600000000000364
124,2013-02-02,sky is clear,-1.6999999999999886
125,2013-02-03,sky is clear,3.730000000000018
126,2013-02-04,sky is clear,6.03000000000003
127,2013-02-05,overcast clouds,4.270000000000039
128,2013-02-06,overcast clouds,7.050000000000011
129,2013-02-07,overcast clouds,6.760000000000048
130,2013-02-08,overcast clouds,8.170000000000016
131,2013-02-09,broken clouds,7.814999999999998
132,2013-02-10,sky is clear,2.2350000000000136
133,2013-02-11,sky is clear,7.064999999999998
134,2013-02-12,overcast clouds,12.093333333000032
135,2013-02-13,broken clouds,7.560000000000002
136,2013-02-14,light intensity drizzle,6.860000000000014
137,2013-02-15,overcast clouds,3.3250000000000455
138,2013-02-16,sky is clear,0.75
139,2013-02-17,broken clouds,2.8799999999999955
140,2013-02-18,sky is clear,-4.919999999999959
141,2013-02-19,sky is clear,-3.1200000000000045
142,2013-02-20,overcast clouds,4.760000000000048
143,2013-02-21,sky is clear,-0.5600000000000023
144,2013-02-22,sky is clear,-0.5299999999999727
145,2013-02-23,light intensity drizzle,6.110000000000014
146,2013-02-24,light intensity drizzle,5.990000000000009
147,2013-02-25,fog,3.7100000000000364
148,2013-02-26,broken clouds,7.25
149,2013-02-27,light rain,3.240000000000009
150,2013-02-28,overcast clouds,5.189999999999998
151,2013-03-01,sky is clear,2.150000000000034
152,2013-03-02,overcast clouds,1.9800000000000182
153,2013-03-03,overcast clouds,1.0400000000000205
154,2013-03-04,broken clouds,-0.5449999999999591
155,2013-03-05,scattered clouds,-1.4149999999999636
156,2013-03-06,overcast clouds,10.575000000000045
157,2013-03-07,scattered clouds,0.39500000000003865
158,2013-03-08,sky is clear,-0.5099999999999909
159,2013-03-09,sky is clear,-1.3999999999999773
160,2013-03-10,sky is clear,4.689999999999998
161,2013-03-11,sky is clear,9.680000000000007
162,2013-03-12,overcast clouds,12.976666667000018
163,2013-03-13,overcast clouds,3.740000000000009
164,2013-03-14,sky is clear,2.07000000000005
165,2013-03-15,sky is clear,-1.6899999999999977
166,2013-03-16,sky is clear,0.3100000000000023
167,2013-03-17,sky is clear,10.25
168,2013-03-18,sky is clear,12.28000000000003
169,2013-03-19,overcast clouds,14.620000000000005
170,2013-03-20,broken clouds,7.390000000000043
171,2013-03-21,sky is clear,5.270000000000039
172,2013-03-22,sky is clear,-0.5099999999999909
173,2013-03-23,scattered clouds,2.980000000000018
174,2013-03-24,moderate rain,6.3700000000000045
175,2013-03-25,mist,8.57000000000005
176,2013-03-26,overcast clouds,2.32000000000005
177,2013-03-27,heavy snow,0.4500000000000455
178,2013-03-28,sky is clear,-1.9099999999999682
179,2013-03-29,sky is clear,-0.2999999999999545
180,2013-03-30,sky is clear,1.4800000000000182
181,2013-03-31,scattered clouds,8.900000000000034
182,2013-04-01,overcast clouds,13.700000000000045
183,2013-04-02,sky is clear,12.870000000000005
184,2013-04-03,sky is clear,7.350000000000023
185,2013-04-04,sky is clear,7.010000000000048
186,2013-04-05,moderate rain,6.860000000000014
187,2013-04-06,mist,5.53000000000003
188,2013-04-07,sky is clear,3.7800000000000296
189,2013-04-08,sky is clear,7.930000000000007
190,2013-04-09,broken clouds,11.650000000000034
191,2013-04-10,sky is clear,12.25
192,2013-04-11,mist,13.700000000000045
193,2013-04-12,sky is clear,14.930000000000007
194,2013-04-13,light rain,14.420000000000016
195,2013-04-14,sky is clear,8.770000000000039
196,2013-04-15,sky is clear,9.57000000000005
197,2013-04-16,mist,13.770000000000039
198,2013-04-17,mist,16.470000000000027
199,2013-04-18,sky is clear,18.210000000000036
200,2013-04-19,mist,15.730000000000018
201,2013-04-20,moderate rain,20.340000000000032
202,2013-04-21,sky is clear,3.740000000000009
203,2013-04-22,sky is clear,5.2900000000000205
204,2013-04-23,sky is clear,9.860000000000014
205,2013-04-24,sky is clear,9.725000000000023
206,2013-04-25,broken clouds,14.480000000000018
207,2013-04-26,sky is clear,7.390000000000043
208,2013-04-27,sky is clear,5.520000000000039
209,2013-04-28,overcast clouds,14.210000000000036
210,2013-04-29,heavy intensity rain,13.740000000000009
211,2013-04-30,fog,13.650000000000034
212,2013-05-01,fog,14.800000000000011
213,2013-05-02,overcast clouds,16.640000000000043
214,2013-05-03,light rain,15.379999999999995
215,2013-05-04,overcast clouds,15.550000000000011
216,2013-05-05,mist,11.129999999999995
217,2013-05-06,fog,9.970000000000027
218,2013-05-07,light rain,8.25
219,2013-05-08,mist,9.960000000000036
220,2013-05-09,sky is clear,10.680000000000007
221,2013-05-10,sky is clear,13.200000000000045
222,2013-05-11,sky is clear,14.510000000000048
223,2013-05-12,sky is clear,16.30000000000001
224,2013-05-13,sky is clear,11.980000000000018
225,2013-05-14,sky is clear,6.470000000000027
226,2013-05-15,sky is clear,8.210000000000036
227,2013-05-16,sky is clear,14.490000000000009
228,2013-05-17,sky is clear,16.890000000000043
229,2013-05-18,overcast clouds,16.560000000000002
230,2013-05-19,overcast clouds,17.689999999999998
231,2013-05-20,proximity thunderstorm,19.150000000000034
232,2013-05-21,mist,18.230000000000018
233,2013-05-22,mist,18.810000000000002
234,2013-05-23,scattered clouds,18.960000000000036
235,2013-05-24,overcast clouds,19.510000000000048
236,2013-05-25,sky is clear,15.960000000000036
237,2013-05-26,sky is clear,9.870000000000005
238,2013-05-27,scattered clouds,11.510000000000048
239,2013-05-28,sky is clear,15.795000000000016
240,2013-05-29,sky is clear,18.650000000000034
241,2013-05-30,broken clouds,17.670000000000016
242,2013-05-31,overcast clouds,20.150000000000034
243,2013-06-01,overcast clouds,20.720000000000027
244,2013-06-02,scattered clouds,20.230000000000018
245,2013-06-03,overcast clouds,21.700000000000045
246,2013-06-04,overcast clouds,20.379999999999995
247,2013-06-05,light rain,19.180000000000007
248,2013-06-06,mist,21.920000000000016
249,2013-06-07,mist,20.54000000000002
250,2013-06-08,scattered clouds,20.33000000000004
251,2013-06-09,mist,19.310000000000002
252,2013-06-10,overcast clouds,20.810000000000002
253,2013-06-11,mist,20.840000000000032
254,2013-06-12,mist,22.49000000000001
255,2013-06-13,few clouds,22.75
256,2013-06-14,sky is clear,23.110000000000014
257,2013-06-15,sky is clear,19.08000000000004
258,2013-06-16,sky is clear,18.879999999999995
259,2013-06-17,few clouds,19.430000000000007
260,2013-06-18,proximity thunderstorm,20.189999999999998
261,2013-06-19,heavy intensity rain,21.930000000000007
262,2013-06-20,broken clouds,21.370000000000005
263,2013-06-21,sky is clear,22.127499999999998
264,2013-06-22,sky is clear,20.160000000000025
265,2013-06-23,sky is clear,19.350000000000023
266,2013-06-24,sky is clear,20.74000000000001
267,2013-06-25,mist,21.629999999999995
268,2013-06-26,broken clouds,21.30000000000001
269,2013-06-27,thunderstorm with light rain,22.560000000000002
270,2013-06-28,few clouds,25.28000000000003
271,2013-06-29,fog,22.170000000000016
272,2013-06-30,mist,23.08000000000004
273,2013-07-01,mist,21.600000000000023
274,2013-07-02,overcast clouds,22.0
275,2013-07-03,mist,22.0
276,2013-07-04,light rain,22.970000000000027
277,2013-07-05,light intensity drizzle,20.850000000000023
278,2013-07-06,light rain,20.960000000000036
279,2013-07-07,mist,21.82000000000005
280,2013-07-08,mist,22.110000000000014
281,2013-07-09,mist,21.620000000000005
282,2013-07-10,mist,22.5
283,2013-07-11,mist,23.49000000000001
284,2013-07-12,broken clouds,21.79000000000002
285,2013-07-13,fog,22.439999999999998
286,2013-07-14,fog,21.230000000000018
287,2013-07-15,mist,22.180000000000007
288,2013-07-16,light rain,22.52000000000004
289,2013-07-17,mist,22.340000000000032
290,2013-07-18,sky is clear,21.129999999999995
291,2013-07-19,mist,20.52000000000004
292,2013-07-20,broken clouds,22.160000000000025
293,2013-07-21,sky is clear,22.590000000000032
294,2013-07-22,mist,22.400000000000034
295,2013-07-23,mist,21.860000000000014
296,2013-07-24,overcast clouds,22.620000000000005
297,2013-07-25,mist,21.879999999999995
298,2013-07-26,sky is clear,21.189999999999998
299,2013-07-27,sky is clear,20.79000000000002
300,2013-07-28,mist,22.100000000000023
301,2013-07-29,broken clouds,20.600000000000023
302,2013-07-30,sky is clear,19.910000000000025
303,2013-07-31,scattered clouds,17.310000000000002
304,2013-08-01,light intensity drizzle,21.230000000000018
305,2013-08-02,mist,21.860000000000014
306,2013-08-03,mist,19.83000000000004
307,2013-08-04,mist,19.810000000000002
308,2013-08-05,mist,22.83000000000004
309,2013-08-06,broken clouds,20.970000000000027
310,2013-08-07,mist,22.710000000000036
311,2013-08-08,mist,23.230000000000018
312,2013-08-09,mist,23.49000000000001
313,2013-08-10,fog,22.82000000000005
314,2013-08-11,light rain,22.975000000000023
315,2013-08-12,mist,21.379999999999995
316,2013-08-13,sky is clear,22.32000000000005
317,2013-08-14,mist,21.980000000000018
318,2013-08-15,scattered clouds,22.629999999999995
319,2013-08-16,mist,20.660000000000025
320,2013-08-17,mist,18.0
321,2013-08-18,light rain,16.970000000000027
322,2013-08-19,fog,19.24000000000001
323,2013-08-20,light intensity drizzle,21.08000000000004
324,2013-08-21,mist,21.74000000000001
325,2013-08-22,light intensity drizzle,21.08000000000004
326,2013-08-23,mist,20.79000000000002
327,2013-08-24,mist,20.53000000000003
328,2013-08-25,fog,21.30000000000001
329,2013-08-26,broken clouds,19.060000000000002
330,2013-08-27,scattered clouds,20.148000000000025
331,2013-08-28,sky is clear,22.383000000000038
332,2013-08-29,sky is clear,22.688000000000045
333,2013-08-30,sky is clear,21.49000000000001
334,2013-08-31,light rain,24.462500000000034
335,2013-09-01,moderate rain,25.057000000000016
336,2013-09-02,mist,21.590000000000032
337,2013-09-03,light rain,22.282500000000027
338,2013-09-04,sky is clear,21.445750000000032
339,2013-09-05,sky is clear,21.0
340,2013-09-06,sky is clear,21.869200000000035
341,2013-09-07,sky is clear,22.552800000000047
342,2013-09-08,sky is clear,23.03000000000003
343,2013-09-09,sky is clear,20.090000000000032
344,2013-09-10,mist,19.900000000000034
345,2013-09-11,sky is clear,19.765000000000043
346,2013-09-12,sky is clear,23.525000000000034
347,2013-09-13,mist,21.470000000000027
348,2013-09-14,sky is clear,15.0
349,2013-09-15,overcast clouds,17.480000000000018
350,2013-09-16,sky is clear,22.0
351,2013-09-17,scattered clouds,21.210000000000036
352,2013-09-18,scattered clouds,18.0
353,2013-09-19,few clouds,18.0
354,2013-09-20,sky is clear,20.48666666700001
355,2013-09-21,overcast clouds,22.0
356,2013-09-22,broken clouds,17.040400000000034
357,2013-09-23,light rain,14.439999999999998
358,2013-09-24,light rain,18.173333333000016
359,2013-09-25,light rain,17.90500000000003
360,2013-09-26,mist,15.830000000000041
361,2013-09-27,mist,14.629999999999995
362,2013-09-28,sky is clear,16.0
363,2013-09-29,sky is clear,15.0
364,2013-09-30,scattered clouds,14.863333333000014
365,2013-10-01,few clouds,19.355000000000018
366,2013-10-02,sky is clear,19.30800000000005
367,2013-10-03,few clouds,17.345000000000027
368,2013-10-04,mist,16.0
369,2013-10-05,sky is clear,19.0
370,2013-10-06,overcast clouds,20.0
371,2013-10-07,light rain,14.32000000000005
372,2013-10-08,light rain,15.616666667000004
373,2013-10-09,sky is clear,14.0
374,2013-10-10,overcast clouds,15.0
375,2013-10-11,mist,13.970000000000027
376,2013-10-12,sky is clear,14.629750000000001
377,2013-10-13,sky is clear,18.595000000000027
378,2013-10-14,sky is clear,16.515000000000043
379,2013-10-15,broken clouds,17.09250000000003
380,2013-10-16,light rain,14.547500000000014
381,2013-10-17,light rain,17.555000000000007
382,2013-10-18,light rain,11.725000000000023
383,2013-10-19,overcast clouds,13.154666667000015
384,2013-10-20,sky is clear,7.0
385,2013-10-21,sky is clear,7.060000000000002
386,2013-10-22,overcast clouds,14.0
387,2013-10-23,sky is clear,10.877499999999998
388,2013-10-24,sky is clear,6.7012000000000285
389,2013-10-25,sky is clear,3.899500000000046
390,2013-10-26,sky is clear,2.0
391,2013-10-27,sky is clear,9.3125
392,2013-10-28,broken clouds,12.052500000000009
393,2013-10-29,few clouds,13.184500000000014
394,2013-10-30,broken clouds,15.790500000000009
395,2013-10-31,broken clouds,17.785500000000013
396,2013-11-01,moderate rain,19.5625
397,2013-11-02,sky is clear,13.44300000000004
398,2013-11-03,sky is clear,10.230999999999995
399,2013-11-04,sky is clear,8.861500000000035
400,2013-11-05,broken clouds,8.70150000000001
401,2013-11-06,scattered clouds,11.725000000000023
402,2013-11-07,drizzle,15.32000000000005
403,2013-11-08,sky is clear,2.5400000000000205
404,2013-11-09,sky is clear,2.2000000000000455
405,2013-11-10,sky is clear,8.270000000000039
406,2013-11-11,sky is clear,2.7600000000000477
407,2013-11-12,sky is clear,3.32000000000005
408,2013-11-13,sky is clear,-4.0499999999999545
409,2013-11-14,sky is clear,18.363
410,2013-11-15,light rain,7.3799999999999955
411,2013-11-16,mist,10.460000000000036
412,2013-11-17,sky is clear,14.980000000000018
413,2013-11-18,scattered clouds,15.28000000000003
414,2013-11-19,sky is clear,4.470000000000027
415,2013-11-20,sky is clear,5.0
416,2013-11-21,overcast clouds,10.0
417,2013-11-22,mist,10.75
418,2013-11-23,overcast clouds,11.0
419,2013-11-24,sky is clear,8.681500000000028
420,2013-11-25,sky is clear,18.363
421,2013-11-26,mist,1.660000000000025
422,2013-11-27,light snow,1.0400000000000205
423,2013-11-28,sky is clear,-5.789999999999964
424,2013-11-29,sky is clear,-4.439999999999998
425,2013-11-30,sky is clear,1.3700000000000045
426,2013-12-01,overcast clouds,5.7900000000000205
427,2013-12-02,mist,7.060000000000002
428,2013-12-03,mist,10.110000000000014
429,2013-12-04,fog,13.640000000000043
430,2013-12-05,mist,18.27000000000004
431,2013-12-06,sky is clear,19.960000000000036
432,2013-12-07,sky is clear,4.720000000000027
433,2013-12-08,mist,7.82000000000005
434,2013-12-09,mist,5.3700000000000045
435,2013-12-10,mist,8.090000000000032
436,2013-12-11,sky is clear,-3.0399999999999636
437,2013-12-12,sky is clear,-0.9499999999999886
438,2013-12-13,sky is clear,18.363
439,2013-12-14,moderate rain,8.0
440,2013-12-15,overcast clouds,3.7000000000000455
441,2013-12-16,mist,-1.7099999999999795
442,2013-12-17,sky is clear,-0.39999999999997726
443,2013-12-18,sky is clear,1.900000000000034
444,2013-12-19,sky is clear,-1.9499999999999886
445,2013-12-20,sky is clear,2.3500000000000227
446,2013-12-21,light intensity drizzle,12.350000000000023
447,2013-12-22,proximity thunderstorm,18.960000000000036
448,2013-12-23,light rain,10.920000000000016
449,2013-12-24,sky is clear,-1.0399999999999636
450,2013-12-25,sky is clear,-3.2199999999999704
451,2013-12-26,sky is clear,-1.0699999999999932
452,2013-12-27,sky is clear,-1.9499999999999886
453,2013-12-28,sky is clear,1.240000000000009
454,2013-12-29,light rain,5.240000000000009
455,2013-12-30,light rain,3.5300000000000296
456,2013-12-31,sky is clear,2.955000000000041
457,2014-01-01,sky is clear,-0.01999999999998181
458,2014-01-02,fog,6.150000000000034
459,2014-01-03,sky is clear,-6.560000000000002
460,2014-01-04,sky is clear,-4.109999999999957
461,2014-01-05,fog,1.0400000000000205
462,2014-01-06,sky is clear,-3.089999999999975
463,2014-01-07,sky is clear,13.330000000000041
464,2014-01-08,sky is clear,-9.819999999999993
465,2014-01-09,sky is clear,-2.089999999999975
466,2014-01-10,fog,4.1299999999999955
467,2014-01-11,mist,14.180000000000007
468,2014-01-12,sky is clear,2.420000000000016
469,2014-01-13,sky is clear,0.6800000000000068
470,2014-01-14,mist,9.960000000000036
471,2014-01-15,light rain,2.490000000000009
472,2014-01-16,sky is clear,-4.2999999999999545
473,2014-01-17,sky is clear,18.363
474,2014-01-18,sky is clear,18.363
475,2014-01-19,sky is clear,1.75
476,2014-01-20,sky is clear,-1.294999999999959
477,2014-01-21,sky is clear,4.720000000000027
478,2014-01-22,sky is clear,-8.939999999999998
479,2014-01-23,sky is clear,-5.279999999999973
480,2014-01-24,sky is clear,-5.25
481,2014-01-25,sky is clear,-7.67999999999995
482,2014-01-26,sky is clear,-3.17999999999995
483,2014-01-27,sky is clear,5.2900000000000205
484,2014-01-28,overcast clouds,-4.3700000000000045
485,2014-01-29,sky is clear,-10.779999999999973
486,2014-01-30,sky is clear,-13.649999999999977
487,2014-01-31,sky is clear,-7.169999999999959
488,2014-02-01,sky is clear,-1.1399999999999864
489,2014-02-02,sky is clear,7.220000000000027
490,2014-02-03,moderate rain,13.910000000000025
491,2014-02-04,overcast clouds,5.360000000000014
492,2014-02-05,light rain,6.210000000000036
493,2014-02-06,sky is clear,-2.3999999999999773
494,2014-02-07,sky is clear,-2.9799999999999613
495,2014-02-08,overcast clouds,1.9300000000000068
496,2014-02-09,overcast clouds,2.920000000000016
497,2014-02-10,overcast clouds,4.920000000000016
498,2014-02-11,moderate rain,2.240000000000009
499,2014-02-12,moderate rain,-0.7999999999999545
500,2014-02-13,overcast clouds,-0.5699999999999932
501,2014-02-14,sky is clear,-1.2999999999999545
502,2014-02-15,overcast clouds,1.1800000000000068
503,2014-02-16,sky is clear,-0.16999999999995907
504,2014-02-17,sky is clear,1.5600000000000023
505,2014-02-18,few clouds,5.1299999999999955
506,2014-02-19,broken clouds,16.0
507,2014-02-20,overcast clouds,15.010000000000048
508,2014-02-21,moderate rain,10.220000000000027
509,2014-02-22,sky is clear,3.8500000000000227
510,2014-02-23,scattered clouds,4.860000000000014
511,2014-02-24,sky is clear,6.430000000000007
512,2014-02-25,overcast clouds,4.210000000000036
513,2014-02-26,moderate rain,3.1200000000000045
514,2014-02-27,sky is clear,-4.509999999999991
515,2014-02-28,sky is clear,-4.019999999999982
516,2014-03-01,overcast clouds,5.57000000000005
517,2014-03-02,overcast clouds,8.150000000000034
518,2014-03-03,overcast clouds,13.0
519,2014-03-04,overcast clouds,1.5600000000000023
520,2014-03-05,overcast clouds,1.5
521,2014-03-06,overcast clouds,5.140000000000043
522,2014-03-07,overcast clouds,4.420000000000016
523,2014-03-08,sky is clear,3.2800000000000296
524,2014-03-09,sky is clear,7.990000000000009
525,2014-03-10,sky is clear,8.0
526,2014-03-11,sky is clear,6.520000000000039
527,2014-03-12,moderate rain,15.330000000000041
528,2014-03-13,sky is clear,1.0
529,2014-03-14,sky is clear,-1.7399999999999523
530,2014-03-15,overcast clouds,9.350000000000023
531,2014-03-16,overcast clouds,11.860000000000014
532,2014-03-17,light rain,9.560000000000002
533,2014-03-18,overcast clouds,2.330000000000041
534,2014-03-19,overcast clouds,5.670000000000016
535,2014-03-20,sky is clear,8.340000000000032
536,2014-03-21,sky is clear,0.3100000000000023
537,2014-03-22,sky is clear,6.910000000000025
538,2014-03-23,broken clouds,10.879999999999995
539,2014-03-24,sky is clear,1.170000000000016
540,2014-03-25,sky is clear,5.240000000000009
541,2014-03-26,sky is clear,-1.67999999999995
542,2014-03-27,few clouds,2.890000000000043
543,2014-03-28,moderate rain,11.560000000000002
544,2014-03-29,light rain,14.310000000000002
545,2014-03-30,broken clouds,5.090000000000032
546,2014-03-31,sky is clear,3.400000000000034
547,2014-04-01,sky is clear,10.120000000000005
548,2014-04-02,few clouds,10.090000000000032
549,2014-04-03,sky is clear,13.660000000000025
550,2014-04-04,overcast clouds,17.650000000000034
551,2014-04-05,sky is clear,8.860000000000014
552,2014-04-06,overcast clouds,10.430000000000007
553,2014-04-07,heavy intensity rain,9.32000000000005
554,2014-04-08,sky is clear,7.410000000000025
555,2014-04-09,light rain,8.840000000000032
556,2014-04-10,light rain,4.6200000000000045
557,2014-04-11,sky is clear,8.439999999999998
558,2014-04-12,sky is clear,9.32000000000005
559,2014-04-13,sky is clear,12.900000000000034
560,2014-04-14,scattered clouds,17.150000000000034
561,2014-04-15,light rain,13.53000000000003
562,2014-04-16,sky is clear,0.410000000000025
563,2014-04-17,sky is clear,5.07000000000005
564,2014-04-18,overcast clouds,11.960000000000036
565,2014-04-19,light rain,11.100000000000023
566,2014-04-20,scattered clouds,10.200000000000045
567,2014-04-21,sky is clear,8.670000000000016
568,2014-04-22,sky is clear,12.860000000000014
569,2014-04-23,sky is clear,12.32000000000005
570,2014-04-24,sky is clear,8.400000000000034
571,2014-04-25,broken clouds,16.980000000000018
572,2014-04-26,sky is clear,10.470000000000027
573,2014-04-27,sky is clear,12.990000000000009
574,2014-04-28,sky is clear,16.560000000000002
575,2014-04-29,broken clouds,19.0
576,2014-04-30,heavy intensity rain,19.192499999999995
577,2014-05-01,few clouds,13.403500000000008
578,2014-05-02,light rain,11.88250000000005
579,2014-05-03,sky is clear,14.059500000000014
580,2014-05-04,sky is clear,12.050000000000011
581,2014-05-05,sky is clear,14.82000000000005
582,2014-05-06,sky is clear,18.872145450000005
583,2014-05-07,sky is clear,13.75
584,2014-05-08,sky is clear,15.510000000000048
585,2014-05-09,overcast clouds,20.090000000000032
586,2014-05-10,fog,17.5
587,2014-05-11,light intensity drizzle,18.55000000000001
588,2014-05-12,sky is clear,20.706000000000017
589,2014-05-13,mist,19.430000000000007
590,2014-05-14,mist,19.25
591,2014-05-15,light intensity drizzle,17.200000000000045
592,2014-05-16,sky is clear,8.870000000000005
593,2014-05-17,sky is clear,8.32000000000005
594,2014-05-18,mist,12.890000000000043
595,2014-05-19,light intensity drizzle,12.770000000000039
596,2014-05-20,scattered clouds,13.520000000000039
597,2014-05-21,sky is clear,18.860000000000014
598,2014-05-22,sky is clear,18.560000000000002
599,2014-05-23,sky is clear,21.710000000000036
600,2014-05-24,sky is clear,20.129999999999995
601,2014-05-25,sky is clear,18.77000000000004
602,2014-05-26,sky is clear,17.960000000000036
603,2014-05-27,sky is clear,18.75
604,2014-05-28,sky is clear,19.590000000000032
605,2014-05-29,light rain,19.82000000000005
606,2014-05-30,broken clouds,20.08000000000004
607,2014-05-31,sky is clear,20.29000000000002
608,2014-06-01,mist,20.910000000000025
609,2014-06-02,scattered clouds,17.82000000000005
610,2014-06-03,broken clouds,20.24000000000001
611,2014-06-04,sky is clear,21.420000000000016
612,2014-06-05,mist,22.58000000000004
613,2014-06-06,mist,19.470000000000027
614,2014-06-07,mist,21.590000000000032
615,2014-06-08,mist,19.05000000000001
616,2014-06-09,sky is clear,20.62020618600002
617,2014-06-10,sky is clear,22.875395636000007
618,2014-06-11,light rain,20.879999999999995
619,2014-06-12,broken clouds,18.967880878000017
620,2014-06-13,few clouds,19.573383157000023
621,2014-06-14,scattered clouds,20.954711624000026
622,2014-06-15,mist,21.410000000000025
623,2014-06-16,light rain,23.376433206
624,2014-06-17,sky is clear,23.554464811000003
625,2014-06-18,sky is clear,21.99606493700003
626,2014-06-19,fog,22.230000000000018
627,2014-06-20,mist,22.390000000000043
628,2014-06-21,mist,23.120000000000005
629,2014-06-22,scattered clouds,22.702149623000025
630,2014-06-23,haze,22.460000000000036
631,2014-06-24,heavy intensity rain,21.91231454800004
632,2014-06-25,sky is clear,22.726793576000034
633,2014-06-26,light rain,22.672567714000024
634,2014-06-27,broken clouds,22.290120521000006
635,2014-06-28,sky is clear,22.07357599300002
636,2014-06-29,sky is clear,24.683080495000013
637,2014-06-30,few clouds,25.306500000000028
638,2014-07-01,sky is clear,24.175754279000046
639,2014-07-02,mist,24.0
640,2014-07-03,sky is clear,25.075745967000046
641,2014-07-04,sky is clear,17.710000000000036
642,2014-07-05,sky is clear,21.170000000000016
643,2014-07-06,mist,19.82000000000005
644,2014-07-07,sky is clear,22.140000000000043
645,2014-07-08,overcast clouds,21.850000000000023
646,2014-07-09,haze,23.720000000000027
647,2014-07-10,sky is clear,22.0
648,2014-07-11,mist,22.57000000000005
649,2014-07-12,fog,21.720000000000027
650,2014-07-13,mist,22.57000000000005
651,2014-07-14,sky is clear,23.710000000000036
652,2014-07-15,scattered clouds,22.57000000000005
653,2014-07-16,sky is clear,17.860000000000014
654,2014-07-17,sky is clear,16.230000000000018
655,2014-07-18,scattered clouds,20.629999999999995
656,2014-07-19,mist,19.560000000000002
657,2014-07-20,fog,18.680000000000007
658,2014-07-21,drizzle,22.0
659,2014-07-22,light rain,22.360000000000014
660,2014-07-23,fog,22.470000000000027
661,2014-07-24,scattered clouds,24.697500000000048
662,2014-07-25,mist,20.900000000000034
663,2014-07-26,light rain,19.5
664,2014-07-27,sky is clear,22.24000000000001
665,2014-07-28,scattered clouds,27.722500000000025
666,2014-07-29,sky is clear,22.972000000000037
667,2014-07-30,sky is clear,18.451390833000005
668,2014-07-31,broken clouds,19.150000000000034
669,2014-08-01,mist,19.120000000000005
670,2014-08-02,broken clouds,21.12050000000005
671,2014-08-03,few clouds,22.558500000000038
672,2014-08-04,mist,20.74000000000001
673,2014-08-05,mist,19.610000000000014
674,2014-08-06,mist,19.370000000000005
675,2014-08-07,sky is clear,26.46900000000005
676,2014-08-08,moderate rain,24.71350000000001
677,2014-08-09,moderate rain,24.146500000000003
678,2014-08-10,heavy intensity rain,22.101500000000044
679,2014-08-11,heavy intensity rain,22.543000000000006
680,2014-08-12,light rain,24.548000000000002
681,2014-08-13,sky is clear,23.055499999999995
682,2014-08-14,sky is clear,20.662500000000023
683,2014-08-15,sky is clear,22.26400000000001
684,2014-08-16,few clouds,22.98350000000005
685,2014-08-17,sky is clear,24.436000000000035
686,2014-08-18,scattered clouds,25.558500000000038
687,2014-08-19,light rain,24.33850000000001
688,2014-08-20,light rain,26.1875
689,2014-08-21,few clouds,26.043000000000006
690,2014-08-22,sky is clear,26.501000000000033
691,2014-08-23,sky is clear,27.23750000000001
692,2014-08-24,few clouds,26.658000000000015
693,2014-08-25,scattered clouds,22.934000000000026
694,2014-08-26,sky is clear,21.4015
695,2014-08-27,sky is clear,21.44150000000002
696,2014-08-28,sky is clear,23.055499999999995
697,2014-08-29,sky is clear,23.881500000000017
698,2014-08-30,broken clouds,25.36500000000001
699,2014-08-31,moderate rain,23.365499999999997
700,2014-09-01,broken clouds,24.80200000000002
701,2014-09-02,sky is clear,26.412500000000023
702,2014-09-03,moderate rain,24.61850000000004
703,2014-09-04,moderate rain,22.530500000000018
704,2014-09-05,scattered clouds,24.07800000000003
705,2014-09-06,sky is clear,24.0985
706,2014-09-07,moderate rain,23.871000000000038
707,2014-09-08,broken clouds,22.317499999999995
708,2014-09-09,broken clouds,22.24550000000005
709,2014-09-10,scattered clouds,22.748500000000035
710,2014-09-11,few clouds,24.470000000000027
711,2014-09-12,light rain,24.099500000000035
712,2014-09-13,few clouds,23.827500000000043
713,2014-09-14,broken clouds,22.624000000000024
714,2014-09-15,broken clouds,21.980999999999995
715,2014-09-16,scattered clouds,22.850000000000023
716,2014-09-17,sky is clear,22.10850000000005
717,2014-09-18,few clouds,18.724500000000035
718,2014-09-19,moderate rain,19.57850000000002
719,2014-09-20,sky is clear,20.11450000000002
720,2014-09-21,sky is clear,20.036
721,2014-09-22,light rain,21.045500000000004
722,2014-09-23,sky is clear,17.730500000000006
723,2014-09-24,sky is clear,16.83850000000001
724,2014-09-25,few clouds,17.72950000000003
725,2014-09-26,broken clouds,18.085500000000025
726,2014-09-27,broken clouds,18.59250000000003
727,2014-09-28,overcast clouds,19.119500000000016
728,2014-09-29,light rain,19.091000000000008
729,2014-09-30,sky is clear,18.33050000000003
730,2014-10-01,scattered clouds,19.95500000000004
731,2014-10-02,sky is clear,20.660500000000013
732,2014-10-03,overcast clouds,23.819000000000017
733,2014-10-04,sky is clear,12.89100000000002
734,2014-10-05,sky is clear,10.158000000000015
735,2014-10-06,broken clouds,15.395000000000039
736,2014-10-07,scattered clouds,18.984000000000037
737,2014-10-08,sky is clear,22.274
738,2014-10-09,sky is clear,22.128000000000043
739,2014-10-10,light rain,20.748500000000035
740,2014-10-11,moderate rain,22.11250000000001
741,2014-10-12,few clouds,21.735500000000002
742,2014-10-13,scattered clouds,20.8245
743,2014-10-14,moderate rain,22.099000000000046
744,2014-10-15,sky is clear,13.74350000000004
745,2014-10-16,sky is clear,13.50200000000001
746,2014-10-17,sky is clear,12.619500000000016
747,2014-10-18,sky is clear,16.301500000000033
748,2014-10-19,sky is clear,12.441000000000031
749,2014-10-20,sky is clear,12.89100000000002
750,2014-10-21,sky is clear,13.6875
751,2014-10-22,sky is clear,11.533000000000015
752,2014-10-23,sky is clear,10.060500000000047
753,2014-10-24,broken clouds,11.996500000000026
754,2014-10-25,sky is clear,12.41700000000003
755,2014-10-26,sky is clear,16.508500000000026
756,2014-10-27,sky is clear,17.018500000000017
757,2014-10-28,sky is clear,17.954499999999996
758,2014-10-29,broken clouds,17.04400000000004
759,2014-10-30,sky is clear,11.160500000000013
760,2014-10-31,scattered clouds,9.217000000000041
761,2014-11-01,few clouds,4.353000000000009
762,2014-11-02,sky is clear,4.083000000000027
763,2014-11-03,sky is clear,4.41900000000004
764,2014-11-04,few clouds,8.159500000000037
765,2014-11-05,broken clouds,12.16900000000004
766,2014-11-06,broken clouds,14.902500000000032
767,2014-11-07,sky is clear,7.1720000000000255
768,2014-11-08,scattered clouds,4.7035000000000196
769,2014-11-09,few clouds,8.696000000000026
770,2014-11-10,sky is clear,7.912500000000023
771,2014-11-11,sky is clear,9.158000000000015
772,2014-11-12,scattered clouds,11.460000000000036
773,2014-11-13,broken clouds,4.941500000000019
774,2014-11-14,few clouds,-0.6599999999999682
775,2014-11-15,sky is clear,-0.7355000000000018
776,2014-11-16,scattered clouds,4.514499999999998
777,2014-11-17,heavy intensity rain,12.319000000000017
778,2014-11-18,scattered clouds,-4.168999999999983
779,2014-11-19,sky is clear,-4.468999999999994
780,2014-11-20,sky is clear,2.343500000000006
781,2014-11-21,sky is clear,4.05600000000004
782,2014-11-22,sky is clear,3.9265000000000327
783,2014-11-23,heavy intensity rain,10.872000000000014
784,2014-11-24,light rain,15.657000000000039
785,2014-11-25,broken clouds,8.192499999999995
786,2014-11-26,light rain,7.057000000000016
787,2014-11-27,few clouds,6.3315000000000055
788,2014-11-28,sky is clear,-0.6995000000000005
789,2014-11-29,sky is clear,1.8380000000000223
790,2014-11-30,sky is clear,8.272500000000036
791,2014-12-01,sky is clear,10.387
792,2014-12-02,few clouds,10.802999999999997
793,2014-12-03,scattered clouds,14.028999999999996
794,2014-12-04,broken clouds,12.866000000000042
795,2014-12-05,broken clouds,14.402000000000044
796,2014-12-06,light rain,14.430499999999995
797,2014-12-07,sky is clear,7.889499999999998
798,2014-12-08,broken clouds,5.157500000000027
799,2014-12-09,sky is clear,1.60450000000003
800,2014-12-10,sky is clear,2.4254999999999995
801,2014-12-11,sky is clear,1.4650000000000318
802,2014-12-12,sky is clear,2.0825000000000387
803,2014-12-13,sky is clear,4.962500000000034
804,2014-12-14,sky is clear,4.329499999999996
805,2014-12-15,sky is clear,0.9645000000000437
806,2014-12-16,moderate rain,12.959500000000048
807,2014-12-17,sky is clear,4.285000000000025
808,2014-12-18,scattered clouds,3.7595000000000027
809,2014-12-19,sky is clear,3.7835000000000036
810,2014-12-20,moderate rain,5.7450000000000045
811,2014-12-21,overcast clouds,6.657500000000027
812,2014-12-22,light rain,7.26400000000001
813,2014-12-23,moderate rain,7.996500000000026
814,2014-12-24,very heavy rain,16.249000000000024
815,2014-12-25,sky is clear,4.806500000000028
816,2014-12-26,few clouds,1.8985000000000127
817,2014-12-27,sky is clear,3.8500000000000227
818,2014-12-28,heavy intensity rain,12.33850000000001
819,2014-12-29,moderate rain,12.144000000000005
820,2014-12-30,few clouds,7.844000000000051
821,2014-12-31,broken clouds,4.427500000000009
822,2015-01-01,sky is clear,0.8770000000000095
823,2015-01-02,broken clouds,6.554500000000019
824,2015-01-03,light rain,10.284000000000049
825,2015-01-04,heavy intensity rain,16.660000000000025
826,2015-01-05,sky is clear,2.1170000000000186
827,2015-01-06,sky is clear,-0.10149999999998727
828,2015-01-07,few clouds,-0.44199999999995043
829,2015-01-08,sky is clear,-8.83099999999996
830,2015-01-09,sky is clear,-5.323999999999955
831,2015-01-10,sky is clear,-4.272999999999968
832,2015-01-11,scattered clouds,-1.3824999999999932
833,2015-01-12,light rain,4.021500000000003
834,2015-01-13,broken clouds,5.634500000000003
835,2015-01-14,light rain,3.406000000000006
836,2015-01-15,broken clouds,-0.1449999999999818
837,2015-01-16,sky is clear,0.6150000000000091
838,2015-01-17,sky is clear,1.1059999999999945
839,2015-01-18,sky is clear,4.369000000000028
840,2015-01-19,sky is clear,4.406000000000006
841,2015-01-20,scattered clouds,9.152000000000044
842,2015-01-21,sky is clear,6.85450000000003
843,2015-01-22,broken clouds,5.6410000000000196
844,2015-01-23,heavy intensity rain,7.323500000000024
845,2015-01-24,light rain,4.173000000000002
846,2015-01-25,sky is clear,1.444500000000005
847,2015-01-26,scattered clouds,6.242500000000007
848,2015-01-27,sky is clear,1.010500000000036
849,2015-01-28,sky is clear,0.29750000000001364
850,2015-01-29,scattered clouds,2.414000000000044
851,2015-01-30,few clouds,4.685000000000002
852,2015-01-31,sky is clear,0.7390000000000327
853,2015-02-01,broken clouds,5.462000000000046
854,2015-02-02,moderate rain,7.812000000000012
855,2015-02-03,few clouds,-2.690999999999974
856,2015-02-04,broken clouds,1.71550000000002
857,2015-02-05,broken clouds,4.045000000000016
858,2015-02-06,sky is clear,-2.1819999999999595
859,2015-02-07,sky is clear,1.8075000000000045
860,2015-02-08,sky is clear,6.9565000000000055
861,2015-02-09,light rain,12.374000000000024
862,2015-02-10,few clouds,4.574000000000012
863,2015-02-11,sky is clear,1.9570000000000505
864,2015-02-12,sky is clear,4.060000000000002
865,2015-02-13,scattered clouds,-2.7199999999999704
866,2015-02-14,sky is clear,0.3690000000000282
867,2015-02-15,sky is clear,-0.6169999999999618
868,2015-02-16,broken clouds,1.1800000000000068
869,2015-02-17,heavy intensity rain,0.6720000000000255
870,2015-02-18,few clouds,-3.17349999999999
871,2015-02-19,sky is clear,-8.210999999999956
872,2015-02-20,few clouds,-8.013999999999953
873,2015-02-21,broken clouds,0.10250000000002046
874,2015-02-22,moderate rain,11.525000000000034
875,2015-02-23,moderate rain,4.138500000000022
876,2015-02-24,moderate rain,1.5760000000000218
877,2015-02-25,broken clouds,-0.9079999999999586
878,2015-02-26,moderate rain,2.5120000000000005
879,2015-02-27,sky is clear,-0.9039999999999964
880,2015-02-28,broken clouds,0.8865000000000123
881,2015-03-01,light rain,4.301000000000045
882,2015-03-02,light rain,9.43100000000004
883,2015-03-03,moderate rain,11.498000000000047
884,2015-03-04,scattered clouds,17.65100000000001
885,2015-03-05,moderate rain,14.080000000000041
886,2015-03-06,broken clouds,-0.49699999999995725
887,2015-03-07,sky is clear,1.1385000000000218
888,2015-03-08,sky is clear,6.029500000000041
889,2015-03-09,overcast clouds,12.703000000000031
890,2015-03-10,light rain,15.54400000000004
891,2015-03-11,broken clouds,17.605500000000006
892,2015-03-12,broken clouds,16.539000000000044
893,2015-03-13,moderate rain,11.572500000000048
894,2015-03-14,heavy intensity rain,11.785000000000025
895,2015-03-15,broken clouds,14.468500000000006
896,2015-03-16,sky is clear,13.350999999999999
897,2015-03-17,sky is clear,15.889499999999998
898,2015-03-18,broken clouds,15.612500000000011
899,2015-03-19,moderate rain,14.38250000000005
900,2015-03-20,light rain,10.85650000000004
901,2015-03-21,sky is clear,13.454499999999996
902,2015-03-22,light rain,14.469500000000039
903,2015-03-23,heavy intensity rain,12.233000000000004
904,2015-03-24,sky is clear,10.33850000000001
905,2015-03-25,light rain,16.50350000000003
906,2015-03-26,light rain,17.44300000000004
907,2015-03-27,moderate rain,10.361000000000047
908,2015-03-28,sky is clear,3.9020000000000437
909,2015-03-29,sky is clear,2.9120000000000346
910,2015-03-30,moderate rain,10.024500000000046
911,2015-03-31,moderate rain,10.409000000000049
912,2015-04-01,moderate rain,16.530500000000018
913,2015-04-02,broken clouds,17.427999999999997
914,2015-04-03,sky is clear,16.184000000000026
915,2015-04-04,light rain,14.745000000000005
916,2015-04-05,sky is clear,11.914500000000032
917,2015-04-06,scattered clouds,16.897500000000036
918,2015-04-07,moderate rain,19.759500000000003
919,2015-04-08,sky is clear,20.502499999999998
920,2015-04-09,scattered clouds,21.942000000000007
921,2015-04-10,scattered clouds,23.476
922,2015-04-11,moderate rain,16.424500000000023
923,2015-04-12,light rain,15.786000000000001
924,2015-04-13,moderate rain,17.536500000000046
925,2015-04-14,light rain,19.56800000000004
926,2015-04-15,moderate rain,19.25150000000002
927,2015-04-16,moderate rain,13.221500000000049
928,2015-04-17,light rain,13.185500000000047
929,2015-04-18,light rain,16.9255
930,2015-04-19,moderate rain,18.387500000000045
931,2015-04-20,light rain,19.011000000000024
932,2015-04-21,sky is clear,13.454499999999996
933,2015-04-22,sky is clear,14.593500000000006
934,2015-04-23,few clouds,17.0625
935,2015-04-24,sky is clear,13.859000000000037
936,2015-04-25,moderate rain,17.821000000000026
937,2015-04-26,light rain,20.176500000000033
938,2015-04-27,sky is clear,15.293499999999995
939,2015-04-28,broken clouds,13.619500000000016
940,2015-04-29,heavy intensity rain,12.742000000000019
941,2015-04-30,sky is clear,13.344500000000039
942,2015-05-01,sky is clear,13.927999999999997
943,2015-05-02,sky is clear,14.921500000000037
944,2015-05-03,sky is clear,17.490499999999997
945,2015-05-04,sky is clear,18.749500000000012
946,2015-05-05,sky is clear,19.688500000000033
947,2015-05-06,sky is clear,18.666500000000042
948,2015-05-07,sky is clear,19.694500000000005
949,2015-05-08,sky is clear,21.661
950,2015-05-09,light rain,23.041500000000042
951,2015-05-10,sky is clear,23.25550000000004
952,2015-05-11,sky is clear,25.297500000000014
953,2015-05-12,scattered clouds,22.06600000000003
954,2015-05-13,scattered clouds,20.216000000000008
955,2015-05-14,scattered clouds,20.00350000000003
956,2015-05-15,light rain,21.837000000000046
957,2015-05-16,scattered clouds,21.19500000000005
958,2015-05-17,broken clouds,22.936000000000035
959,2015-05-18,few clouds,23.724500000000035
960,2015-05-19,sky is clear,22.283000000000015
961,2015-05-20,sky is clear,23.46900000000005
962,2015-05-21,light rain,24.45150000000001
963,2015-05-22,light rain,19.014499999999998
964,2015-05-23,light rain,20.81400000000002
965,2015-05-24,scattered clouds,20.244500000000016
966,2015-05-25,few clouds,22.262
967,2015-05-26,light rain,24.11650000000003
968,2015-05-27,light rain,19.494000000000028
969,2015-05-28,light rain,20.855000000000018
970,2015-05-29,few clouds,21.32000000000005
971,2015-05-30,sky is clear,22.75350000000003
972,2015-05-31,sky is clear,23.37050000000005
973,2015-06-01,moderate rain,19.91300000000001
974,2015-06-02,scattered clouds,22.298000000000002
975,2015-06-03,light rain,18.52600000000001
976,2015-06-04,light rain,18.960500000000025
977,2015-06-05,sky is clear,20.314999999999998
978,2015-06-06,sky is clear,23.475000000000023
979,2015-06-07,sky is clear,24.59050000000002
980,2015-06-08,light rain,23.97750000000002
981,2015-06-09,moderate rain,24.274
982,2015-06-10,scattered clouds,22.431500000000028
983,2015-06-11,few clouds,24.382000000000005
984,2015-06-12,light rain,22.959500000000048
985,2015-06-13,sky is clear,24.46700000000004
986,2015-06-14,sky is clear,25.605999999999995
987,2015-06-15,sky is clear,26.970500000000015
988,2015-06-16,sky is clear,27.649500000000046
989,2015-06-17,sky is clear,28.386500000000012
990,2015-06-18,sky is clear,28.888500000000022
991,2015-06-19,sky is clear,25.89500000000004
992,2015-06-20,sky is clear,27.1755
993,2015-06-21,sky is clear,27.0625
994,2015-06-22,sky is clear,28.047000000000025
995,2015-06-23,sky is clear,27.78800000000001
996,2015-06-24,sky is clear,28.475000000000023
997,2015-06-25,sky is clear,26.685000000000002
998,2015-06-26,sky is clear,23.841831479999996
999,2015-06-27,mist,22.900000000000034
1000,2015-06-28,sky is clear,19.33000000000004
1001,2015-06-29,sky is clear,18.560000000000002
1002,2015-06-30,mist,22.810000000000002
1003,2015-07-01,mist,21.100000000000023
1004,2015-07-02,sky is clear,20.439999999999998
1005,2015-07-03,heavy intensity rain,23.870000000000005
1006,2015-07-04,mist,20.28000000000003
1007,2015-07-05,broken clouds,20.590000000000032
1008,2015-07-06,mist,22.230000000000018
1009,2015-07-07,sky is clear,22.150000000000034
1010,2015-07-08,mist,23.360000000000014
1011,2015-07-09,mist,22.860000000000014
1012,2015-07-10,haze,23.78000000000003
1013,2015-07-11,sky is clear,24.04000000000002
1014,2015-07-12,sky is clear,22.850000000000023
1015,2015-07-13,light rain,22.82000000000005
1016,2015-07-14,sky is clear,25.54000000000002
1017,2015-07-15,sky is clear,21.75
1018,2015-07-16,mist,22.5
1019,2015-07-17,sky is clear,23.07000000000005
1020,2015-07-18,mist,23.970000000000027
1021,2015-07-19,mist,23.410000000000025
1022,2015-07-20,mist,24.430000000000007
1023,2015-07-21,sky is clear,24.980000000000018
1024,2015-07-22,sky is clear,23.480000000000018
1025,2015-07-23,mist,23.189999999999998
1026,2015-07-24,mist,24.010000000000048
1027,2015-07-25,sky is clear,23.910000000000025
1028,2015-07-26,few clouds,23.24000000000001
1029,2015-07-27,mist,23.74000000000001
1030,2015-07-28,mist,23.910000000000025
1031,2015-07-29,sky is clear,24.420000000000016
1032,2015-07-30,mist,25.010000000000048
1033,2015-07-31,sky is clear,22.660000000000025
1034,2015-08-01,overcast clouds,22.010000000000048
1035,2015-08-02,sky is clear,20.0
1036,2015-08-03,sky is clear,22.02000000000004
1037,2015-08-04,sky is clear,21.629999999999995
1038,2015-08-05,sky is clear,22.390000000000043
1039,2015-08-06,mist,23.83000000000004
1040,2015-08-07,mist,22.57000000000005
1041,2015-08-08,scattered clouds,21.29000000000002
1042,2015-08-09,mist,22.510000000000048
1043,2015-08-10,sky is clear,23.430000000000007
1044,2015-08-11,mist,22.75
1045,2015-08-12,mist,21.700000000000045
1046,2015-08-13,sky is clear,20.470000000000027
1047,2015-08-14,light intensity drizzle,22.200000000000045
1048,2015-08-15,scattered clouds,20.920000000000016
1049,2015-08-16,mist,21.83000000000004
1050,2015-08-17,mist,22.83000000000004
1051,2015-08-18,mist,22.390000000000043
1052,2015-08-19,mist,23.02000000000004
1053,2015-08-20,mist,22.600000000000023
1054,2015-08-21,mist,22.510000000000048
1055,2015-08-22,mist,22.83000000000004
1056,2015-08-23,fog,21.560000000000002
1057,2015-08-24,mist,22.150000000000034
1058,2015-08-25,sky is clear,17.689999999999998
1059,2015-08-26,sky is clear,15.5
1060,2015-08-27,mist,18.470000000000027
1061,2015-08-28,mist,21.220000000000027
1062,2015-08-29,mist,21.460000000000036
1063,2015-08-30,mist,20.99000000000001
1064,2015-08-31,mist,19.939999999999998
1065,2015-09-01,sky is clear,22.41834999500003
1066,2015-09-02,mist,20.810000000000002
1067,2015-09-03,mist,23.02000000000004
1068,2015-09-04,mist,20.410000000000025
1069,2015-09-05,sky is clear,21.200000000000045
1070,2015-09-06,mist,20.870000000000005
1071,2015-09-07,mist,19.77000000000004
1072,2015-09-08,mist,21.75
1073,2015-09-09,heavy intensity drizzle,22.430000000000007
1074,2015-09-10,fog,21.160000000000025
1075,2015-09-11,mist,19.950000000000045
1076,2015-09-12,sky is clear,19.010000000000048
1077,2015-09-13,sky is clear,11.990000000000009
1078,2015-09-14,fog,9.629999999999995
1079,2015-09-15,sky is clear,12.660000000000025
1080,2015-09-16,broken clouds,15.604981132000034
1081,2015-09-17,sky is clear,16.04000000000002
1082,2015-09-18,sky is clear,15.450000000000045
1083,2015-09-19,sky is clear,15.100000000000023
1084,2015-09-20,mist,16.600000000000023
1085,2015-09-21,few clouds,18.752351024000006
1086,2015-09-22,light rain,19.441636752000022
1087,2015-09-23,mist,17.120000000000005
1088,2015-09-24,broken clouds,18.840000000000032
1089,2015-09-25,light rain,16.503034826000032
1090,2015-09-26,mist,18.02000000000004
1091,2015-09-27,light intensity drizzle,18.100000000000023
1092,2015-09-28,light intensity drizzle,19.24000000000001
1093,2015-09-29,mist,21.450000000000045
1094,2015-09-30,mist,19.760000000000048
1095,2015-10-01,overcast clouds,18.379999999999995
1096,2015-10-02,drizzle,15.730000000000018
1097,2015-10-03,mist,14.520000000000039
1098,2015-10-04,light intensity drizzle,17.860000000000014
1099,2015-10-05,mist,17.879999999999995
1100,2015-10-06,sky is clear,14.910000000000025
1101,2015-10-07,haze,15.260000000000048
1102,2015-10-08,mist,13.689999999999998
1103,2015-10-09,scattered clouds,17.269060971000044
1104,2015-10-10,mist,17.30000000000001
1105,2015-10-11,mist,14.629999999999995
1106,2015-10-12,fog,12.07000000000005
1107,2015-10-13,mist,15.930000000000007
1108,2015-10-14,sky is clear,14.216499999999996
1109,2015-10-15,mist,8.950000000000045
1110,2015-10-16,sky is clear,12.805743500999995
1111,2015-10-17,sky is clear,5.2000000000000455
1112,2015-10-18,sky is clear,3.490000000000009
1113,2015-10-19,sky is clear,5.8700000000000045
1114,2015-10-20,sky is clear,6.953124171000013
1115,2015-10-21,light rain,5.5
1116,2015-10-22,sky is clear,8.590000000000032
1117,2015-10-23,few clouds,10.620000000000005
1118,2015-10-24,broken clouds,16.986500000000035
1119,2015-10-25,overcast clouds,17.383000000000038
1120,2015-10-26,moderate rain,17.635500000000036
1121,2015-10-27,moderate rain,10.985823400000015
1122,2015-10-28,overcast clouds,15.25805269700004
1123,2015-10-29,mist,12.75
1124,2015-10-30,sky is clear,7.980000000000018
1125,2015-10-31,broken clouds,10.870000000000005
1126,2015-11-01,overcast clouds,14.995069290000004
1127,2015-11-02,proximity thunderstorm,17.28000000000003
1128,2015-11-03,mist,17.860000000000014
1129,2015-11-04,overcast clouds,17.394153395000046
1130,2015-11-05,overcast clouds,17.153372570000045
1131,2015-11-06,overcast clouds,19.52155489500001
1132,2015-11-07,light intensity drizzle,18.75
1133,2015-11-08,overcast clouds,12.007344491000026
1134,2015-11-09,overcast clouds,7.940554082999995
1135,2015-11-10,light intensity drizzle,12.0
1136,2015-11-11,fog,6.720000000000027
1137,2015-11-12,overcast clouds,16.430000000000007
1138,2015-11-13,sky is clear,8.850000000000023
1139,2015-11-14,sky is clear,3.9700000000000273
1140,2015-11-15,mist,1.25
1141,2015-11-16,broken clouds,5.25
1142,2015-11-17,overcast clouds,12.980000000000018
1143,2015-11-18,mist,13.25
1144,2015-11-19,fog,14.270000000000039
1145,2015-11-20,sky is clear,7.480000000000018
1146,2015-11-21,sky is clear,7.75
1147,2015-11-22,overcast clouds,3.5300000000000296
1148,2015-11-23,sky is clear,-0.6399999999999864
1149,2015-11-24,sky is clear,-1.132703491999962
1150,2015-11-25,sky is clear,1.830000000000041
1151,2015-11-26,sky is clear,7.8700000000000045
1152,2015-11-27,sky is clear,11.041308363000041
1153,2015-11-28,mist,9.610000000000014
1154,2015-11-29,mist,11.550000000000011
1155,2015-11-30,mist,16.27000000000004
1156,2015-12-01,mist,15.100000000000023
1157,2015-12-02,moderate rain,15.75
1158,2015-12-03,sky is clear,5.066074105000041
1159,2015-12-04,sky is clear,0.8521068210000067
1160,2015-12-05,sky is clear,0.7000000000000455
1161,2015-12-06,scattered clouds,4.990000000000009
1162,2015-12-07,broken clouds,5.960617677000016
1163,2015-12-08,mist,2.3600000000000136
1164,2015-12-09,sky is clear,2.1899999999999977
1165,2015-12-10,mist,10.470000000000027
1166,2015-12-11,fog,15.120000000000005
1167,2015-12-12,scattered clouds,10.684357358
1168,2015-12-13,mist,12.129999999999995
1169,2015-12-14,overcast clouds,18.778725177000013
1170,2015-12-15,sky is clear,8.340000000000032
1171,2015-12-16,mist,4.840000000000032
1172,2015-12-17,mist,13.580000000000041
1173,2015-12-18,sky is clear,4.2900000000000205
1174,2015-12-19,sky is clear,-1.915730243999974
1175,2015-12-20,sky is clear,-0.8899999999999864
1176,2015-12-21,broken clouds,7.551684125000008
1177,2015-12-22,fog,12.920000000000016
1178,2015-12-23,light intensity drizzle,15.78000000000003
1179,2015-12-24,mist,21.140000000000043
1180,2015-12-25,moderate rain,18.04000000000002
1181,2015-12-26,mist,15.04000000000002
1182,2015-12-27,mist,18.910000000000025
1183,2015-12-28,mist,19.170000000000016
1184,2015-12-29,overcast clouds,13.710000000000036
1185,2015-12-30,fog,15.270000000000039
1186,2015-12-31,mist,11.689999999999998
1187,2016-01-01,overcast clouds,4.060000000000002
1188,2016-01-02,sky is clear,1.240000000000009
1189,2016-01-03,sky is clear,1.3942219220000425
1190,2016-01-04,sky is clear,1.0500000000000114
1191,2016-01-05,sky is clear,-4.439999999999998
1192,2016-01-06,sky is clear,-2.839999999999975
1193,2016-01-07,broken clouds,5.064018059000034
1194,2016-01-08,mist,8.610000000000014
1195,2016-01-09,mist,8.800000000000011
1196,2016-01-10,broken clouds,7.000623134000023
1197,2016-01-11,sky is clear,-4.76598192299997
1198,2016-01-12,sky is clear,-4.139999999999986
1199,2016-01-13,sky is clear,-1.2316504509999504
1200,2016-01-14,sky is clear,-2.7299999999999613
1201,2016-01-15,mist,4.6299999999999955
1202,2016-01-16,mist,8.330000000000041
1203,2016-01-17,overcast clouds,2.376408722000008
1204,2016-01-18,sky is clear,-1.4499999999999886
1205,2016-01-19,sky is clear,-6.6299999999999955
1206,2016-01-20,scattered clouds,-1.2549999999999955
1207,2016-01-21,fog,3.6200000000000045
1208,2016-01-22,overcast clouds,6.700883647000012
1209,2016-01-23,light snow,-2.3799999999999955
1210,2016-01-24,sky is clear,-4.779999999999973
1211,2016-01-25,sky is clear,-1.8999999999999773
1212,2016-01-26,broken clouds,5.850000000000023
1213,2016-01-27,overcast clouds,7.133521571000017
1214,2016-01-28,mist,2.7800000000000296
1215,2016-01-29,sky is clear,1.6100000000000136
1216,2016-01-30,sky is clear,-0.6912105539999516
1217,2016-01-31,overcast clouds,6.990000000000009
1218,2016-02-01,overcast clouds,14.051453003000006
1219,2016-02-02,mist,12.620000000000005
1220,2016-02-03,fog,15.510000000000048
1221,2016-02-04,sky is clear,3.8799999999999955
1222,2016-02-05,sky is clear,-0.7799999999999727
1223,2016-02-06,sky is clear,-1.579999999999984
1224,2016-02-07,sky is clear,-0.5399999999999636
1225,2016-02-08,sky is clear,1.8799999999999955
1226,2016-02-09,light shower snow,0.8900000000000432
1227,2016-02-10,broken clouds,-4.859732836999967
1228,2016-02-11,sky is clear,-2.2999999999999545
1229,2016-02-12,sky is clear,2.5300000000000296
1230,2016-02-13,sky is clear,-1.6200000000000045
1231,2016-02-14,sky is clear,-1.6299999999999955
1232,2016-02-15,overcast clouds,1.2200000000000273
1233,2016-02-16,sky is clear,4.220000000000027
1234,2016-02-17,overcast clouds,5.4888859850000244
1235,2016-02-18,sky is clear,-0.6050953939999886
1236,2016-02-19,sky is clear,4.533316049000007
1237,2016-02-20,broken clouds,10.004397306000044
1238,2016-02-21,mist,11.850000000000023
1239,2016-02-22,mist,15.110000000000014
1240,2016-02-23,overcast clouds,14.276522980000038
1241,2016-02-24,sky is clear,16.56621949500004
1242,2016-02-25,overcast clouds,5.25
1243,2016-02-26,overcast clouds,2.3008435070000246
1244,2016-02-27,sky is clear,0.9990522880000299
1245,2016-02-28,sky is clear,0.12034418400003233
1246,2016-02-29,scattered clouds,9.57000000000005
1247,2016-03-01,broken clouds,7.430000000000007
1248,2016-03-02,broken clouds,4.010000000000048
1249,2016-03-03,few clouds,2.533899259000009
1250,2016-03-04,overcast clouds,4.2778369340000495
1251,2016-03-05,broken clouds,0.7117849190000243
1252,2016-03-06,sky is clear,4.600000000000023
1253,2016-03-07,sky is clear,4.080000000000041
1254,2016-03-08,sky is clear,6.689999999999998
1255,2016-03-09,overcast clouds,11.620000000000005
1256,2016-03-10,overcast clouds,15.120000000000005
1257,2016-03-11,sky is clear,16.25
1258,2016-03-12,overcast clouds,16.24000000000001
1259,2016-03-13,broken clouds,18.440471631000037
1260,2016-03-14,scattered clouds,14.770000000000039
1261,2016-03-15,sky is clear,10.400716611999997
1262,2016-03-16,mist,17.75
1263,2016-03-17,sky is clear,9.610000000000014
1264,2016-03-18,sky is clear,9.860000000000014
1265,2016-03-19,overcast clouds,13.770233625000003
1266,2016-03-20,sky is clear,5.8700000000000045
1267,2016-03-21,sky is clear,2.0
1268,2016-03-22,mist,0.7600000000000477
1269,2016-03-23,overcast clouds,6.080000000000041
1270,2016-03-24,overcast clouds,12.610000000000014
1271,2016-03-25,overcast clouds,14.660000000000025
1272,2016-03-26,mist,11.420000000000016
1273,2016-03-27,overcast clouds,16.33000000000004
1274,2016-03-28,scattered clouds,15.890000000000043
1275,2016-03-29,sky is clear,7.75
1276,2016-03-30,sky is clear,8.734569367999995
1277,2016-03-31,overcast clouds,17.660000000000025
1278,2016-04-01,mist,17.0
1279,2016-04-02,few clouds,11.789957627000035
1280,2016-04-03,sky is clear,8.537171776000037
1281,2016-04-04,sky is clear,5.240000000000009
1282,2016-04-05,sky is clear,9.110000000000014
1283,2016-04-06,overcast clouds,7.8700000000000045
1284,2016-04-07,mist,9.120000000000005
1285,2016-04-08,sky is clear,8.5
1286,2016-04-09,sky is clear,6.990000000000009
1287,2016-04-10,sky is clear,2.980000000000018
1288,2016-04-11,overcast clouds,10.514610091999998
1289,2016-04-12,overcast clouds,14.879999999999995
1290,2016-04-13,scattered clouds,13.870000000000005
1291,2016-04-14,overcast clouds,13.0
1292,2016-04-15,sky is clear,11.870000000000005
1293,2016-04-16,broken clouds,13.879999999999995
1294,2016-04-17,sky is clear,8.629999999999995
1295,2016-04-18,sky is clear,8.850000000000023
1296,2016-04-19,sky is clear,10.090000000000032
1297,2016-04-20,sky is clear,15.230000000000018
1298,2016-04-21,sky is clear,14.54000000000002
1299,2016-04-22,broken clouds,17.05400000000003
1300,2016-04-23,sky is clear,13.350000000000023
1301,2016-04-24,sky is clear,12.189999999999998
1302,2016-04-25,broken clouds,16.730000000000018
1303,2016-04-26,broken clouds,16.370000000000005
1304,2016-04-27,sky is clear,17.07000000000005
1305,2016-04-28,mist,19.350000000000023
1306,2016-04-29,sky is clear,15.950000000000045
1307,2016-04-30,broken clouds,18.450000000000045
1308,2016-05-01,fog,18.75
1309,2016-05-02,fog,18.210000000000036
1310,2016-05-03,mist,18.230000000000018
1311,2016-05-04,sky is clear,12.410000000000025
1312,2016-05-05,broken clouds,9.640000000000043
1313,2016-05-06,sky is clear,8.879999999999995
1314,2016-05-07,sky is clear,10.050000000000011
1315,2016-05-08,sky is clear,15.640000000000043
1316,2016-05-09,sky is clear,16.450000000000045
1317,2016-05-10,sky is clear,17.460000000000036
1318,2016-05-11,mist,17.700000000000045
1319,2016-05-12,haze,18.980000000000018
1320,2016-05-13,mist,17.54000000000002
1321,2016-05-14,sky is clear,13.29000000000002
1322,2016-05-15,sky is clear,9.32000000000005
1323,2016-05-16,sky is clear,10.689999999999998
1324,2016-05-17,mist,16.02000000000004
1325,2016-05-18,mist,18.840000000000032
1326,2016-05-19,moderate rain,16.310000000000002
1327,2016-05-20,light rain,16.370000000000005
1328,2016-05-21,mist,16.640000000000043
1329,2016-05-22,sky is clear,14.890000000000043
1330,2016-05-23,sky is clear,14.57000000000005
1331,2016-05-24,overcast clouds,16.090000000000032
1332,2016-05-25,sky is clear,17.58000000000004
1333,2016-05-26,mist,19.850000000000023
1334,2016-05-27,sky is clear,20.470000000000027
1335,2016-05-28,sky is clear,19.80000000000001
1336,2016-05-29,sky is clear,19.210000000000036
1337,2016-05-30,sky is clear,20.25
1338,2016-05-31,mist,20.680000000000007
1339,2016-06-01,sky is clear,22.100000000000023
1340,2016-06-02,fog,20.700000000000045
1341,2016-06-03,mist,21.25
1342,2016-06-04,sky is clear,22.340000000000032
1343,2016-06-05,fog,21.439999999999998
1344,2016-06-06,mist,21.680000000000007
1345,2016-06-07,mist,20.25
1346,2016-06-08,sky is clear,16.470000000000027
1347,2016-06-09,sky is clear,16.52000000000004
1348,2016-06-10,scattered clouds,18.99000000000001
1349,2016-06-11,few clouds,20.560000000000002
1350,2016-06-12,sky is clear,23.470000000000027
1351,2016-06-13,sky is clear,23.340000000000032
1352,2016-06-14,sky is clear,22.79000000000002
1353,2016-06-15,scattered clouds,21.470000000000027
1354,2016-06-16,broken clouds,19.970000000000027
1355,2016-06-17,sky is clear,23.510000000000048
1356,2016-06-18,sky is clear,20.810000000000002
1357,2016-06-19,sky is clear,18.720000000000027
1358,2016-06-20,sky is clear,16.900000000000034
1359,2016-06-21,sky is clear,19.430000000000007
1360,2016-06-22,scattered clouds,22.230000000000018
1361,2016-06-23,sky is clear,21.360000000000014
1362,2016-06-24,broken clouds,24.340000000000032
1363,2016-06-25,sky is clear,25.420000000000016
1364,2016-06-26,few clouds,25.189999999999998
1365,2016-06-27,mist,22.700000000000045
1366,2016-06-28,mist,22.850000000000023
1367,2016-06-29,sky is clear,22.180000000000007
1368,2016-06-30,sky is clear,21.79000000000002
1369,2016-07-01,mist,23.450000000000045
1370,2016-07-02,sky is clear,23.590000000000032
1371,2016-07-03,moderate rain,23.29000000000002
1372,2016-07-04,sky is clear,24.24000000000001
1373,2016-07-05,sky is clear,25.860000000000014
1374,2016-07-06,mist,22.980000000000018
1375,2016-07-07,mist,22.80000000000001
1376,2016-07-08,sky is clear,25.760000000000048
1377,2016-07-09,sky is clear,24.180000000000007
1378,2016-07-10,sky is clear,22.02000000000004
1379,2016-07-11,mist,22.110000000000014
1380,2016-07-12,fog,21.29000000000002
1381,2016-07-13,light rain,21.900000000000034
1382,2016-07-14,sky is clear,24.852000000000032
1383,2016-07-15,few clouds,25.994000000000028
1384,2016-07-16,scattered clouds,24.182000000000016
1385,2016-07-17,overcast clouds,23.17100000000005
1386,2016-07-18,scattered clouds,24.608000000000004
1387,2016-07-19,scattered clouds,29.688000000000045
1388,2016-07-20,scattered clouds,29.688000000000045
1389,2016-07-21,sky is clear,23.74000000000001
1390,2016-07-22,scattered clouds,21.840000000000032
1391,2016-07-23,mist,24.54000000000002
1392,2016-07-24,fog,23.129999999999995
1393,2016-07-25,sky is clear,24.170000000000016
1394,2016-07-26,fog,23.400000000000034
1395,2016-07-27,overcast clouds,23.939999999999998
1396,2016-07-28,scattered clouds,23.129999999999995
1397,2016-07-29,mist,22.82000000000005
1398,2016-07-30,mist,22.840000000000032
1399,2016-07-31,mist,22.370000000000005
1400,2016-08-01,haze,22.470000000000027
1401,2016-08-02,fog,22.83000000000004
1402,2016-08-03,mist,22.510000000000048
1403,2016-08-04,sky is clear,22.620000000000005
1404,2016-08-05,sky is clear,23.32000000000005
1405,2016-08-06,sky is clear,22.430000000000007
1406,2016-08-07,sky is clear,24.04000000000002
1407,2016-08-08,scattered clouds,23.439999999999998
1408,2016-08-09,light rain,23.24000000000001
1409,2016-08-10,light rain,23.160000000000025
1410,2016-08-11,light rain,22.900000000000034
1411,2016-08-12,few clouds,23.590000000000032
1412,2016-08-13,scattered clouds,22.760000000000048
1413,2016-08-14,light rain,21.950000000000045
1414,2016-08-15,light rain,22.08000000000004
1415,2016-08-16,scattered clouds,22.08000000000004
1416,2016-08-17,sky is clear,22.360000000000014
1417,2016-08-18,light rain,22.930000000000007
1418,2016-08-19,broken clouds,22.210000000000036
1419,2016-08-20,few clouds,22.210000000000036
1420,2016-08-21,mist,22.5
1421,2016-08-22,sky is clear,21.120000000000005
1422,2016-08-23,mist,20.430000000000007
1423,2016-08-24,mist,23.310000000000002
1424,2016-08-25,mist,21.53000000000003
1425,2016-08-26,mist,23.360000000000014
1426,2016-08-27,mist,22.54000000000002
1427,2016-08-28,sky is clear,22.720000000000027
1428,2016-08-29,sky is clear,22.5
1429,2016-08-30,sky is clear,21.560000000000002
1430,2016-08-31,sky is clear,22.08000000000004
1431,2016-09-01,sky is clear,22.350000000000023
1432,2016-09-02,mist,22.600000000000023
1433,2016-09-03,scattered clouds,19.960000000000036
1434,2016-09-04,scattered clouds,20.310000000000002
1435,2016-09-05,sky is clear,18.99000000000001
1436,2016-09-06,sky is clear,18.420000000000016
1437,2016-09-07,broken clouds,19.170000000000016
1438,2016-09-08,scattered clouds,19.850000000000023
1439,2016-09-09,sky is clear,19.82000000000005
1440,2016-09-10,sky is clear,19.700000000000045
1441,2016-09-11,sky is clear,21.79000000000002
1442,2016-09-12,sky is clear,21.129999999999995
1443,2016-09-13,sky is clear,20.83000000000004
1444,2016-09-14,sky is clear,20.810000000000002
1445,2016-09-15,sky is clear,19.980000000000018
1446,2016-09-16,sky is clear,20.79000000000002
1447,2016-09-17,few clouds,20.05000000000001
1448,2016-09-18,light rain,21.900000000000034
1449,2016-09-19,few clouds,20.260000000000048
1450,2016-09-20,few clouds,18.510000000000048
1451,2016-09-21,sky is clear,19.05000000000001
1452,2016-09-22,sky is clear,18.49000000000001
1453,2016-09-23,sky is clear,18.640000000000043
1454,2016-09-24,scattered clouds,19.140000000000043
1455,2016-09-25,sky is clear,19.360000000000014
1456,2016-09-26,sky is clear,19.660000000000025
1457,2016-09-27,sky is clear,19.589407911000023
1458,2016-09-28,sky is clear,16.78000000000003
1459,2016-09-29,sky is clear,13.420000000000016
1460,2016-09-30,sky is clear,9.439999999999998
1461,2016-10-01,sky is clear,10.010000000000048
1462,2016-10-02,few clouds,12.689999999999998
1463,2016-10-03,few clouds,13.140000000000043
1464,2016-10-04,broken clouds,16.54000000000002
1465,2016-10-05,sky is clear,16.746000000000038
1466,2016-10-06,sky is clear,17.44100000000003
1467,2016-10-07,broken clouds,18.060000000000002
1468,2016-10-08,sky is clear,22.866000000000042
1469,2016-10-09,sky is clear,13.515000000000043
1470,2016-10-10,sky is clear,9.564999999999998
1471,2016-10-11,sky is clear,7.774000000000001
1472,2016-10-12,sky is clear,6.032000000000039
1473,2016-10-13,sky is clear,7.319000000000017
1474,2016-10-14,few clouds,11.278999999999996
1475,2016-10-15,broken clouds,15.973000000000013
1476,2016-10-16,broken clouds,16.38900000000001
1477,2016-10-17,sky is clear,13.13900000000001
1478,2016-10-18,sky is clear,16.939999999999998
1479,2016-10-19,sky is clear,15.200000000000045
1480,2016-10-20,scattered clouds,16.605000000000018
1481,2016-10-21,light rain,14.963999999999999
1482,2016-10-22,sky is clear,8.90100000000001
1483,2016-10-23,sky is clear,4.507000000000005
1484,2016-10-24,scattered clouds,7.913000000000011
1485,2016-10-25,sky is clear,8.061000000000035
1486,2016-10-26,sky is clear,10.100999999999999
1487,2016-10-27,broken clouds,14.838000000000022
1488,2016-10-28,sky is clear,12.590000000000032
1489,2016-10-29,sky is clear,11.499000000000024
1490,2016-10-30,sky is clear,11.738
1491,2016-10-31,sky is clear,11.427000000000021
1492,2016-11-01,sky is clear,11.469000000000051
1493,2016-11-02,mist,17.0
1494,2016-11-03,mist,13.78000000000003
1495,2016-11-04,sky is clear,17.600000000000023
1496,2016-11-05,sky is clear,9.490000000000009
1497,2016-11-06,fog,6.110000000000014
1498,2016-11-07,sky is clear,8.300000000000011
1499,2016-11-08,sky is clear,7.560000000000002
1500,2016-11-09,sky is clear,9.890000000000043
1501,2016-11-10,sky is clear,5.300000000000011
1502,2016-11-11,smoke,5.090000000000032
1503,2016-11-12,smoke,12.0
1504,2016-11-13,smoke,9.5
1505,2016-11-14,smoke,3.1100000000000136
1506,2016-11-15,haze,3.6899999999999977
1507,2016-11-16,mist,6.110000000000014
1508,2016-11-17,smoke,5.189999999999998
1509,2016-11-18,smoke,6.220000000000027
1510,2016-11-19,smoke,13.550000000000011
1511,2016-11-20,smoke,2.2000000000000455
1512,2016-11-21,sky is clear,1.7100000000000364
1513,2016-11-22,sky is clear,0.11000000000001364
1514,2016-11-23,sky is clear,5.330000000000041
1515,2016-11-24,overcast clouds,12.580854760000022
1516,2016-11-25,mist,9.740000000000009
1517,2016-11-26,sky is clear,4.2000000000000455
1518,2016-11-27,sky is clear,0.29000000000002046
1519,2016-11-28,scattered clouds,8.220000000000027
1520,2016-11-29,mist,13.010000000000048
1521,2016-11-30,overcast clouds,20.0
1522,2016-12-01,sky is clear,4.78000000000003
1523,2016-12-02,sky is clear,3.5500000000000114
1524,2016-12-03,sky is clear,4.100000000000023
1525,2016-12-04,mist,7.439999999999998
1526,2016-12-05,fog,7.220000000000027
1527,2016-12-06,proximity thunderstorm,11.340000000000032
1528,2016-12-07,sky is clear,6.723361363000038
1529,2016-12-08,sky is clear,5.6200000000000045
1530,2016-12-09,sky is clear,-1.8999999999999773
1531,2016-12-10,sky is clear,-3.259999999999991
1532,2016-12-11,sky is clear,-1.1299999999999955
1533,2016-12-12,overcast clouds,7.230000000000018
1534,2016-12-13,mist,9.220000000000027
1535,2016-12-14,mist,7.78000000000003
1536,2016-12-15,sky is clear,2.1200000000000045
1537,2016-12-16,sky is clear,-1.2299999999999613
1538,2016-12-17,overcast clouds,4.100000000000023
1539,2016-12-18,overcast clouds,20.75
1540,2016-12-19,overcast clouds,0.0
1541,2016-12-20,fog,3.2900000000000205
1542,2016-12-21,fog,-0.5600000000000023
1543,2016-12-22,overcast clouds,8.590000000000032
1544,2016-12-23,sky is clear,4.189999999999998
1545,2016-12-24,overcast clouds,9.439999999999998
1546,2016-12-25,mist,10.78000000000003
1547,2016-12-26,overcast clouds,15.439999999999998
1548,2016-12-27,fog,13.770000000000039
1549,2016-12-28,sky is clear,8.120000000000005
1550,2016-12-29,light rain,17.220000000000027
1551,2016-12-30,sky is clear,2.8799999999999955
1552,2016-12-31,scattered clouds,1.240000000000009
1553,2017-01-01,light snow,7.7900000000000205
1554,2017-01-02,fog,10.990000000000009
1555,2017-01-03,mist,14.020000000000039
1556,2017-01-04,broken clouds,10.890000000000043
1557,2017-01-05,sky is clear,-1.1499999999999773
1558,2017-01-06,overcast clouds,2.4600000000000364
1559,2017-01-07,mist,-4.779999999999973
1560,2017-01-08,sky is clear,-8.870000000000005
1561,2017-01-09,sky is clear,-3.0
1562,2017-01-10,overcast clouds,0.9900000000000091
1563,2017-01-11,broken clouds,12.230000000000018
1564,2017-01-12,mist,11.300000000000011
1565,2017-01-13,mist,9.980000000000018
1566,2017-01-14,mist,9.860000000000014
1567,2017-01-15,mist,9.120000000000005
1568,2017-01-16,mist,8.860000000000014
1569,2017-01-17,mist,11.990000000000009
1570,2017-01-18,light intensity drizzle,16.890000000000043
1571,2017-01-19,scattered clouds,10.870000000000005
1572,2017-01-20,light rain,17.25
1573,2017-01-21,fog,16.75
1574,2017-01-22,overcast clouds,13.740000000000009
1575,2017-01-23,moderate rain,8.890000000000043
1576,2017-01-24,overcast clouds,7.8799999999999955
1577,2017-01-25,sky is clear,1.76400000000001
1578,2017-01-26,sky is clear,12.680000000000007
1579,2017-01-27,scattered clouds,0.8500000000000227
1580,2017-01-28,sky is clear,-0.01999999999998181
1581,2017-01-29,sky is clear,0.9900000000000091
1582,2017-01-30,sky is clear,0.6200000000000045
1583,2017-01-31,sky is clear,4.28000000000003
1584,2017-02-01,sky is clear,9.090000000000032
1585,2017-02-02,sky is clear,7.939999999999998
1586,2017-02-03,overcast clouds,7.28000000000003
1587,2017-02-04,sky is clear,-1.509999999999991
1588,2017-02-05,light rain,2.2900000000000205
1589,2017-02-06,fog,7.740000000000009
1590,2017-02-07,mist,11.200000000000045
1591,2017-02-08,fog,12.340000000000032
1592,2017-02-09,overcast clouds,5.8799999999999955
1593,2017-02-10,sky is clear,-0.8799999999999955
1594,2017-02-11,overcast clouds,8.300000000000011
1595,2017-02-12,light intensity drizzle,18.0
1596,2017-02-13,sky is clear,7.6200000000000045
1597,2017-02-14,few clouds,1.7970000000000255
1598,2017-02-15,moderate rain,10.867000000000019
1599,2017-02-16,sky is clear,-1.1689999999999827
1600,2017-02-17,sky is clear,-0.6709999999999923
1601,2017-02-18,light rain,7.736000000000047
1602,2017-02-19,sky is clear,5.635000000000048
1603,2017-02-20,sky is clear,3.397000000000048
1604,2017-02-21,scattered clouds,13.333500000000015
1605,2017-02-22,mist,15.300000000000011
1606,2017-02-23,mist,12.230000000000018
1607,2017-02-24,sky is clear,11.189999999999998
1608,2017-02-25,light rain,16.75
1609,2017-02-26,light snow,1.5500000000000114
1610,2017-02-27,sky is clear,8.110000000000014
1611,2017-02-28,fog,10.600000000000023
1612,2017-03-01,overcast clouds,18.110000000000014
1613,2017-03-02,sky is clear,6.75
1614,2017-03-03,sky is clear,1.07000000000005
1615,2017-03-04,sky is clear,-0.44999999999998863
1616,2017-03-05,sky is clear,2.0
1617,2017-03-06,broken clouds,12.990000000000009
1618,2017-03-07,overcast clouds,13.100000000000023
1619,2017-03-08,overcast clouds,9.5
1620,2017-03-09,sky is clear,2.32000000000005
1621,2017-03-10,overcast clouds,12.0
1622,2017-03-11,sky is clear,3.5500000000000114
1623,2017-03-12,mist,2.2000000000000455
1624,2017-03-13,overcast clouds,2.3000000000000114
1625,2017-03-14,light intensity drizzle,5.300000000000011
1626,2017-03-15,light snow,-2.5499999999999545
1627,2017-03-16,sky is clear,-4.109999999999957
1628,2017-03-17,overcast clouds,2.5500000000000114
1629,2017-03-18,mist,12.5
1630,2017-03-19,sky is clear,5.2000000000000455
1631,2017-03-20,sky is clear,4.890000000000043
1632,2017-03-21,sky is clear,15.439999999999998
1633,2017-03-22,sky is clear,12.560000000000002
1634,2017-03-23,broken clouds,11.240000000000009
1635,2017-03-24,overcast clouds,13.450000000000045
1636,2017-03-25,sky is clear,13.990000000000009
1637,2017-03-26,mist,14.400000000000034
1638,2017-03-27,light intensity drizzle,14.5
1639,2017-03-28,moderate rain,16.77000000000004
1640,2017-03-29,mist,12.879999999999995
1641,2017-03-30,sky is clear,16.439999999999998
1642,2017-03-31,broken clouds,16.010000000000048
1643,2017-04-01,sky is clear,11.210000000000036
1644,2017-04-02,sky is clear,9.879999999999995
1645,2017-04-03,broken clouds,18.560000000000002
1646,2017-04-04,mist,16.0
1647,2017-04-05,light rain,17.30000000000001
1648,2017-04-06,overcast clouds,9.990000000000009
1649,2017-04-07,sky is clear,7.0
1650,2017-04-08,sky is clear,4.689999999999998
1651,2017-04-09,mist,4.0
1652,2017-04-10,sky is clear,9.79000000000002
1653,2017-04-11,sky is clear,13.310000000000002
1654,2017-04-12,sky is clear,15.550000000000011
1655,2017-04-13,sky is clear,18.911
1656,2017-04-14,overcast clouds,15.439999999999998
1657,2017-04-15,mist,15.29000000000002
1658,2017-04-16,mist,15.189999999999998
1659,2017-04-17,overcast clouds,17.110000000000014
1660,2017-04-18,mist,16.55000000000001
1661,2017-04-19,mist,17.100000000000023
1662,2017-04-20,fog,17.5
1663,2017-04-21,fog,17.590000000000032
1664,2017-04-22,sky is clear,15.770000000000039
1665,2017-04-23,moderate rain,17.200000000000045
1666,2017-04-24,light intensity drizzle,11.560000000000002
1667,2017-04-25,light rain,13.550000000000011
1668,2017-04-26,sky is clear,13.890000000000043
1669,2017-04-27,mist,19.0
1670,2017-04-28,fog,19.80000000000001
1671,2017-04-29,mist,20.200000000000045
1672,2017-04-30,overcast clouds,21.33000000000004
1673,2017-05-01,mist,21.670000000000016
1674,2017-05-02,sky is clear,12.439999999999998
1675,2017-05-03,sky is clear,12.890000000000043
1676,2017-05-04,mist,15.700000000000045
1677,2017-05-05,light intensity drizzle,9.110000000000014
1678,2017-05-06,scattered clouds,7.550000000000011
1679,2017-05-07,fog,9.210000000000036
1680,2017-05-08,sky is clear,10.879999999999995
1681,2017-05-09,sky is clear,13.29000000000002
1682,2017-05-10,sky is clear,15.629999999999995
1683,2017-05-11,sky is clear,18.090000000000032
1684,2017-05-12,haze,17.610000000000014
1685,2017-05-13,proximity thunderstorm,16.879999999999995
1686,2017-05-14,mist,13.760000000000048
1687,2017-05-15,mist,14.54000000000002
1688,2017-05-16,mist,15.980000000000018
1689,2017-05-17,sky is clear,18.560000000000002
1690,2017-05-18,broken clouds,21.689999999999998
1691,2017-05-19,broken clouds,21.890000000000043
1692,2017-05-20,sky is clear,19.78000000000003
1693,2017-05-21,mist,20.0
1694,2017-05-22,fog,19.890000000000043
1695,2017-05-23,mist,19.29000000000002
1696,2017-05-24,fog,18.5
1697,2017-05-25,moderate rain,13.550000000000011
1698,2017-05-26,sky is clear,11.970000000000027
1699,2017-05-27,haze,18.660000000000025
1700,2017-05-28,light rain,18.0
1701,2017-05-29,sky is clear,19.99000000000001
1702,2017-05-30,fog,19.390000000000043
1703,2017-05-31,light rain,18.670000000000016
1704,2017-06-01,fog,19.08000000000004
1705,2017-06-02,mist,19.0
1706,2017-06-03,mist,19.53000000000003
1707,2017-06-04,mist,21.900000000000034
1708,2017-06-05,mist,21.79000000000002
1709,2017-06-06,mist,21.340000000000032
1710,2017-06-07,scattered clouds,19.590000000000032
1711,2017-06-08,light rain,17.890000000000043
1712,2017-06-09,mist,16.77000000000004
1713,2017-06-10,mist,17.32000000000005
1714,2017-06-11,few clouds,19.590000000000032
1715,2017-06-12,mist,22.29000000000002
1716,2017-06-13,fog,20.49000000000001
1717,2017-06-14,fog,21.77000000000004
1718,2017-06-15,scattered clouds,21.33000000000004
1719,2017-06-16,broken clouds,19.55000000000001
1720,2017-06-17,sky is clear,19.77000000000004
1721,2017-06-18,broken clouds,21.77000000000004
1722,2017-06-19,scattered clouds,22.439999999999998
1723,2017-06-20,mist,22.33000000000004
1724,2017-06-21,overcast clouds,21.55000000000001
1725,2017-06-22,mist,21.660000000000025
1726,2017-06-23,mist,22.879999999999995
1727,2017-06-24,mist,22.560000000000002
1728,2017-06-25,sky is clear,19.689999999999998
1729,2017-06-26,sky is clear,16.379999999999995
1730,2017-06-27,mist,18.090000000000032
1731,2017-06-28,sky is clear,18.090000000000032
1732,2017-06-29,overcast clouds,22.33000000000004
1733,2017-06-30,mist,22.0
1734,2017-07-01,mist,22.090000000000032
1735,2017-07-02,scattered clouds,23.108367606
1736,2017-07-03,fog,22.200000000000045
1737,2017-07-04,mist,20.99000000000001
1738,2017-07-05,mist,21.77000000000004
1739,2017-07-06,light intensity drizzle,22.180000000000007
1740,2017-07-07,mist,22.28000000000003
1741,2017-07-08,mist,22.30000000000001
1742,2017-07-09,fog,20.33000000000004
1743,2017-07-10,mist,21.430000000000007
1744,2017-07-11,haze,22.090000000000032
1745,2017-07-12,fog,21.33000000000004
1746,2017-07-13,mist,22.55000000000001
1747,2017-07-14,mist,23.29000000000002
1748,2017-07-15,mist,22.110000000000014
1749,2017-07-16,moderate rain,22.689999999999998
1750,2017-07-17,light rain,20.689999999999998
1751,2017-07-18,fog,21.200000000000045
1752,2017-07-19,mist,22.620000000000005
1753,2017-07-20,mist,22.260000000000048
1754,2017-07-21,mist,22.99000000000001
1755,2017-07-22,mist,22.80000000000001
1756,2017-07-23,mist,23.439999999999998
1757,2017-07-24,haze,23.810000000000002
1758,2017-07-25,fog,22.5
1759,2017-07-26,mist,22.629999999999995
1760,2017-07-27,mist,22.360000000000014
1761,2017-07-28,fog,22.390000000000043
1762,2017-07-29,broken clouds,23.890000000000043
1763,2017-07-30,scattered clouds,21.090000000000032
1764,2017-07-31,sky is clear,18.260000000000048
1765,2017-08-01,sky is clear,17.80000000000001
1766,2017-08-02,sky is clear,19.79000000000002
1767,2017-08-03,sky is clear,20.450000000000045
1768,2017-08-04,mist,21.400000000000034
1769,2017-08-05,mist,21.400000000000034
1770,2017-08-06,mist,20.620000000000005
1771,2017-08-07,mist,22.689999999999998
1772,2017-08-08,mist,21.54000000000002
1773,2017-08-09,moderate rain,22.0
1774,2017-08-10,heavy intensity rain,22.400000000000034
1775,2017-08-11,fog,22.0
1776,2017-08-12,fog,22.390000000000043
1777,2017-08-13,mist,22.700000000000045
1778,2017-08-14,mist,23.0
1779,2017-08-15,mist,23.0
1780,2017-08-16,mist,23.08000000000004
1781,2017-08-17,mist,23.810000000000002
1782,2017-08-18,sky is clear,23.49000000000001
1783,2017-08-19,sky is clear,19.900000000000034
1784,2017-08-20,fog,19.99000000000001
1785,2017-08-21,mist,21.99000000000001
1786,2017-08-22,sky is clear,21.890000000000043
1787,2017-08-23,sky is clear,22.99000000000001
1788,2017-08-24,sky is clear,18.79000000000002
1789,2017-08-25,sky is clear,20.79000000000002
1790,2017-08-26,sky is clear,21.439999999999998
1791,2017-08-27,sky is clear,21.600000000000023
1792,2017-08-28,sky is clear,20.80000000000001
1793,2017-08-29,broken clouds,19.879999999999995
1794,2017-08-30,overcast clouds,21.55000000000001
1795,2017-08-31,mist,21.0
1796,2017-09-01,mist,23.0
1797,2017-09-02,sky is clear,16.27000000000004
1798,2017-09-03,mist,15.260000000000048
1799,2017-09-04,mist,14.980000000000018
1800,2017-09-05,mist,19.090000000000032
1801,2017-09-06,overcast clouds,17.80000000000001
1802,2017-09-07,sky is clear,11.350000000000023
1803,2017-09-08,mist,11.990000000000009
1804,2017-09-09,broken clouds,15.400000000000034
1805,2017-09-10,sky is clear,16.30000000000001
1806,2017-09-11,mist,13.490000000000009
1807,2017-09-12,drizzle,15.78000000000003
1808,2017-09-13,mist,16.200000000000045
1809,2017-09-14,mist,18.29000000000002
1810,2017-09-15,mist,16.900000000000034
1811,2017-09-16,mist,18.27000000000004
1812,2017-09-17,fog,18.590000000000032
1813,2017-09-18,fog,17.810000000000002
1814,2017-09-19,mist,17.49000000000001
1815,2017-09-20,fog,19.180000000000007
1816,2017-09-21,mist,19.439999999999998
1817,2017-09-22,mist,20.590000000000032
1818,2017-09-23,mist,19.450000000000045
1819,2017-09-24,mist,18.710000000000036
1820,2017-09-25,mist,19.090000000000032
1821,2017-09-26,sky is clear,17.590000000000032
1822,2017-09-27,mist,17.99000000000001
1823,2017-09-28,sky is clear,18.77000000000004
1824,2017-09-29,mist,18.810000000000002
1825,2017-09-30,scattered clouds,19.900000000000034
1826,2017-10-01,sky is clear,14.900000000000034
1827,2017-10-02,scattered clouds,14.82000000000005
1828,2017-10-03,sky is clear,15.990000000000009
1829,2017-10-04,sky is clear,14.990000000000009
1830,2017-10-05,sky is clear,12.800000000000011
1831,2017-10-06,sky is clear,15.170000000000016
1832,2017-10-07,mist,22.0
1833,2017-10-08,drizzle,23.400000000000034
1834,2017-10-09,thunderstorm with heavy rain,23.100000000000023
1835,2017-10-10,fog,22.54000000000002
1836,2017-10-11,mist,21.400000000000034
1837,2017-10-12,fog,19.460000000000036
1838,2017-10-13,light rain,20.450000000000045
1839,2017-10-14,overcast clouds,20.54000000000002
1840,2017-10-15,mist,18.29000000000002
1841,2017-10-16,light intensity drizzle,15.090000000000032
1842,2017-10-17,sky is clear,8.590000000000032
1843,2017-10-18,sky is clear,7.25
1844,2017-10-19,sky is clear,7.439999999999998
1845,2017-10-20,fog,7.360000000000014
1846,2017-10-21,sky is clear,10.189999999999998
1847,2017-10-22,broken clouds,13.620000000000005
1848,2017-10-23,mist,20.450000000000045
1849,2017-10-24,sky is clear,9.600000000000023
1850,2017-10-25,sky is clear,5.900000000000034
1851,2017-10-26,sky is clear,3.090000000000032
1852,2017-10-27,sky is clear,6.490000000000009
1853,2017-10-28,light rain,14.170000000000016
1854,2017-10-29,overcast clouds,3.4500000000000455
1855,2017-10-30,sky is clear,0.4000000000000341
1856,2017-10-31,sky is clear,5.580000000000041
1857,2017-11-01,sky is clear,7.300000000000011
1858,2017-11-02,overcast clouds,13.900000000000034
1859,2017-11-03,mist,12.990000000000009
1860,2017-11-04,mist,14.900000000000034
1861,2017-11-05,fog,17.110000000000014
1862,2017-11-06,fog,15.700000000000045
1863,2017-11-07,fog,17.55000000000001
1864,2017-11-08,light intensity drizzle,15.400000000000034
1865,2017-11-09,light intensity drizzle,9.890000000000043
1866,2017-11-10,mist,6.770000000000039
1867,2017-11-11,sky is clear,6.600000000000023
1868,2017-11-12,light intensity drizzle,7.78000000000003
1869,2017-11-13,fog,7.600000000000023
1870,2017-11-14,mist,5.8799999999999955
1871,2017-11-15,mist,3.580000000000041
1872,2017-11-16,overcast clouds,11.0
1873,2017-11-17,mist,2.5500000000000114
1874,2017-11-18,scattered clouds,7.770000000000039
1875,2017-11-19,overcast clouds,7.4500000000000455
1876,2017-11-20,sky is clear,0.09000000000003183
1877,2017-11-21,broken clouds,7.560000000000002
1878,2017-11-22,mist,9.550000000000011
1879,2017-11-23,scattered clouds,4.060000000000002
1880,2017-11-24,fog,2.580000000000041
1881,2017-11-25,fog,3.5400000000000205
1882,2017-11-26,sky is clear,6.980000000000018
1883,2017-11-27,sky is clear,0.75
1884,2017-11-28,sky is clear,2.170000000000016
1885,2017-11-29,fog,9.330000000000041
